Syr Konrad, the Grim	B	xmpK	2
Etali, Primal Storm	R	kobD	2
Ragavan, Nimble Pilferer	R	akCP	2
Braids, Arisen Nightmare	B	xrhS	3
Azusa, Lost but Seeking	G		1
Loran of the Third Path	W	r	2
Toski, Bearer of Secrets	G	krC	3
Kutzil, Malamet Exemplar	WG	krnC	2
Lotho, Corrupt Shirriff	WB	aU	1
Selvala, Heart of the Wilds	G	brN	2
Mondrak, Glory Dominus	W	xS	2
Sram, Senior Edificer	W	aevr	1
Sheoldred, the Apocalypse	B	lrh	2
Ghalta, Primal Hunger	G	bD	1
Tatyova, Benthic Druid	UG	ldrNP	1
Birgi, God of Storytelling	R		3
Vito, Thorn of the Dusk Rose	B	lS	1
Adeline, Resplendent Cathar	W	tkK	2
Six	G	gkdN	2
Emry, Lurker of the Loch	U	gaWP	2
Elas il-Kor, Sadistic Pilgrim	WB	lxp	2
Mangara, the Diplomat	W	r	2
Goreclaw, Terror of Qal Sisma	G	kbC	2
Purphoros, God of the Forge	R	tpb	3
Sheoldred, Whispering One	B	gxb	2
Niv-Mizzet, Parun	UR	srpDW	3
Avacyn, Angel of Hope	W	bK	1
Talrand, Sky Summoner	U	tsWP	1
Veyran, Voice of Duality	UR	sfW	2
Peregrin Took	G	axrU	2
Etali, Primal Conqueror	RG	kbiD	3
Danitha Capashen, Paragon	W	evK	1
Urza, Lord High Artificer	U	ta	3
Sai, Master Thopterist	U	taxr	2
Ashaya, Soul of the Wild	G	d	2
Aurelia, the Warleader	WR	kK	2
Yawgmoth, Thran Physician	B	cxr	2
Kodama of the West Tree	G	kbdS	2
Aesi, Tyrant of Gyre Strait	UG	drP	1
Ayara, First of Locthwain	B	lxrpN	2
Delney, Streetwise Lookout	W	f	2
Elesh Norn, Grand Cenobite	W	t	2
Boromir, Warden of the Tower	W	U	2
Rishkar, Peema Renegade	G	cN	2
Ojer Taq, Deepest Foundation	W	tb	3
Solphim, Mayhem Dominus	R	S	2
Krenko, Tin Street Kingpin	R	tck	1
Jaheira, Friend of the Forest	G	tN	1
Padeem, Consul of Innovation	U	ar	2
The Gitrog Monster	BG	xdrbCS	3
Old Gnawbone	G	akbD	1
Loot, Exuberant Explorer	G	d	3
Bristly Bill, Spine Sower	G	cdN	2
Omnath, Locus of Rage	RG	tdpy	2
Sythis, Harvest's Hand	WG	elrN	1
Kodama of the East Tree	G	bS	2
Kardur, Doomscourge	BR	lkpS	2
Moraug, Fury of Akoum	R	kdb	2
Torbran, Thane of Red Fell	R		1
Chatterfang, Squirrel General	BG	txC	2
Arasta of the Endless Web	G	ts	1
Elesh Norn, Mother of Machines	W	f	2
Yahenni, Undying Partisan	B	cxS	2
Heliod, Sun-Crowned	W	cel	3
The Reality Chip	U	vPR	2
Karlach, Fury of Avernus	R	k	2
Jhoira, Weatherlight Captain	UR	r	1
K'rrik, Son of Yawgmoth	B	cS	2
Lathliss, Dragon Queen	R	tybD	2
Anim Pakal, Thousandth Moon	WR	tcky	2
Ghalta, Stampede Tyrant	G	bD	1
Sakashima of a Thousand Faces	U	q	2
Nezahal, Primal Tide	U	srbD	3
Krenko, Mob Boss	R	ty	1
Muldrotha, the Gravetide	UBG	gb	1
Drakuseth, Maw of Flames	R	kpbD	1
Marvin, Murderous Mimic	C	R	1
Vilis, Broker of Blood	B	rbS	2
Kozilek, Butcher of Truth	C	rbD	2
Skrelv, Defector Mite	W	niR	2
Gisela, Blade of Goldnight	WR	K	3
Titania, Protector of Argoth	G	tgd	2
Lumra, Bellow of the Woods	G	gdC	2
Kediss, Emberclaw Familiar	R	C	1
Kambal, Profiteering Mayor	WB	tlpq	2
Captain Lannery Storm	R	axkP	2
Zopandrel, Hunger Dominus	G	xbS	2
Neheb, the Eternal	R	pS	1
Vivi Ornitier	UR	cspWU	2
Shalai, Voice of Plenty	WG	cK	2
Xenagos, God of Revels	RG	b	2
Tataru Taru	W	arhU	2
Kogla, the Titan Ape	G	kbny	3
Junji, the Midnight Sky	B	gySD	3
Marwyn, the Nurturer	G	cyN	1
Kiki-Jiki, Mirror Breaker	R	q	2
Tekuthal, Inquiry Dominus	U	cS	2
Vorinclex, Monstrous Raider	G	b	3
Saryth, the Viper's Fang	G	W	2
Elenda, the Dusk Rose	WB	tcxSK	2
Liberator, Urza's Battlethopter	C	caR	3
Rosie Cotton of South Lane	W	caU	2
Mahadi, Emporium Master	BR	aS	1
Alexios, Deimos of Kosmos	R	cbnU	2
Thassa, Deep-Dwelling	U	fb	3
Magda, Brazen Outlaw	R	ay	2
Mikaeus, the Unhallowed	B	tyS	2
Teysa Karlov	WB	tf	2
Kambal, Consul of Allocation	WB	sl	1
Sephiroth, Fabled SOLDIER	B	lxkrpU	3
Laelia, the Blade Reforged	R	ckS	2
Valgavoth, Terror Eater	B	xbSD	3
Baral, Chief of Compliance	U	srW	2
Atarka, World Render	RG	vbyD	1
Ulamog, the Ceaseless Hunger	C	kbD	2
Jadar, Ghoulcaller of Nephalia	B	tW	1
Wan Shi Tong, Librarian	U	crCSU	3
Kinnan, Bonder Prodigy	UG	yN	3
Sephara, Sky's Blade	W	bK	2
Rankle, Master of Pranks	B	xkr	3
Electro, Assaulting Battery	R	sU	3
Ulamog, the Infinite Gyre	C	nbD	3
Atsushi, the Blazing Sky	R	abSD	3
Glissa Sunslayer	BG	krnSN	3
Adrix and Nev, Twincasters	UG	WP	1
Koma, Cosmos Serpent	UG	txnbP	3
Miirym, Sentinel Wyrm	URG	qybSD	1
Beledros Witherbloom	BG	tldD	2
Lae'zel, Vlaakith's Champion	W		2
Iroas, God of Victory	WR	kb	3
Isshin, Two Heavens as One	WBR	fK	1
Thalia, Heretic Cathar	W		1
Odric, Lunarch Marshal	W	vb	3
Meren of Clan Nel Toth	BG	cgx	3
Feldon of the Third Path	R	gq	2
Drana, Liberator of Malakir	B	ckS	1
Ojer Axonil, Deepest Might	R	b	3
Uro, Titan of Nature's Wrath	UG	glkdrbD	2
Myrel, Shield of Argive	W	tkny	2
Codsworth, Handy Helper	W	evRU	2
Ashling, Flame Dancer	R	srp	3
Malcolm, Alluring Scoundrel	U	krP	2
Ganax, Astral Hunter	R	ayD	2
Morophon, the Boundless	WUBRG	yb	3
Tergrid, God of Fright	B	gxp	3
Losheel, Clockwork Scholar	W	ar	2
Kozilek, the Great Distortion	C	rnbD	2
Phelia, Exuberant Shepherd	W	ckfC	2
Ulamog, the Defiler	C	cxbD	3
Chainer, Nightmare Adept	BR	g	2
Mazirek, Kraul Death Priest	BG	cx	1
Tetsuko Umezawa, Fugitive	U		1
Maelstrom Wanderer	URG	zb	1
Surrak and Goreclaw	G	cbC	2
Talion, the Kindly Lord	UB	r	2
Grenzo, Havoc Raiser	R	kh	3
Zetalpa, Primal Dawn	W	vbD	1
Haliya, Guided by Light	W	alr	2
Cloud, Midgar Mercenary	W	vfU	2
Shigeki, Jukai Visionary	G	gdN	3
Massacre Girl	B	x	2
Ardenn, Intrepid Archaeologist	W	ev	2
Massacre Girl, Known Killer	B	xr	2
Gwenna, Eyes of Gaea	G	cbN	2
Giada, Font of Hope	W	cyK	2
The Gaffer	W	rU	1
Delina, Wild Mage	R	tkzqN	3
The Locust God	UR	tr	3
Jin-Gitaxias, Core Augur	U	r	2
Jin-Gitaxias, Progress Tyrant	U	sq	3
Jaxis, the Troublemaker	R	rq	2
The Scarab God	UB	gnpqy	3
Daxos, Blessed by the Sun	W	lx	1
Urabrask the Hidden	R		1
Honest Rutstein	BG	gbW	1
Aurelia, the Law Above	WR	lrK	2
Bartolomé del Presidio	WB	cxSK	1
Vorinclex, Voice of Hunger	G	bn	2
Ghalta and Mavren	WG	tkbSD	3
Zacama, Primal Calamity	WRG	lbdnD	3
Grand Arbiter Augustin IV	WU	n	2
Kami of the Crescent Moon	U	rS	1
Alesha, Who Laughs at Fate	BR	cgk	2
Lyra Dawnbringer	W	yK	3
Urabrask	R	gsaef	3
Bennie Bracks, Zoologist	W	rN	1
Drivnod, Carnage Dominus	B	gfbS	2
Multani, Yavimaya's Avatar	G	gbd	2
Juri, Master of the Revue	BR	cxp	1
Passionate Archaeologist	R	p#	2
Razaketh, the Foulblooded	B	xbS	1
Korvold, Fae-Cursed King	BRG	cxkrD	2
Emrakul, the Promised End	C	gboD	2
Kazuul, Tyrant of the Cliffs	R	tk	2
Tannuk, Memorial Ensign	RG	drp	2
Drana and Linvala	WB	SK	2
Dragonlord Dromoka	WG	nD	2
Jarad, Golgari Lich Lord	BG	gxpSN	2
Breena, the Demagogue	WB	crCW	2
Arwen, Weaver of Hope	G	cNU	1
Teshar, Ancestor's Apostle	W	gC	1
Maha, Its Feathers Night	B	bC	2
Inti, Seneschal of the Sun	R	ckbK	2
Grazilaxx, Illithid Scholar	U	krS	2
Sheoldred	B	exnf	3
Varragoth, Bloodsky Sire	B	S	1
Mikaeus, the Lunarch	W	c	2
Ob Nixilis, the Fallen	B	cdS	1
Daretti, Scrap Savant	R	gaxr	3
Venser, Shaper Savant	U	W	1
Thassa, God of the Sea	U		3
Ojer Kaslem, Deepest Growth	G	kbd	3
Chameleon, Master of Disguise	U	qU	1
Knuckles the Echidna	R	avkbU	2
Arixmethes, Slumbering Isle	UG	bDP	3
Halana and Alena, Partners	RG	c	2
Nashi, Moon Sage's Scion	B	ko	2
Gix, Yawgmoth Praetor	B	r	3
Sakashima the Impostor	U	q	2
Gonti, Lord of Luxury	B		3
Magda, the Hoardmaster	R	tax	2
Akiri, Fearless Voyager	WR	vkr	2
Eladamri, Korvecdal	G	N	3
Sarkhan, Soul Aflame	UR	qy	2
Pearl-Ear, Imperial Advisor	W	erC	2
Liesa, Forgotten Archangel	WB	xK	2
Nissa, Resurgent Animist	G	dyN	3
The Walls of Ba Sing Se	C	RU	1
Bruvac the Grandiloquent	U		1
The Council of Four	WU	tr	2
Mina and Denn, Wildborn	RG	bdN	2
Lathril, Blade of the Elves	BG	tlkpyN	2
Selvala, Explorer Returned	WG	lrhN	2
Balmor, Battlemage Captain	UR	tsbCW	1
Brudiclad, Telchor Engineer	UR	tqR	2
The Mindskinner	U	mbS	2
Ruby, Daring Tracker	RG	kb	2
Koma, World-Eater	UG	tkbP	2
Kitsa, Otterball Elite	U	srqCW	3
Jetmir, Nexus of Revels	WRG	tvbCS	3
Klauth, Unrivaled Ancient	RG	kD	2
Kwain, Itinerant Meddler	WU	lrhCW	1
Lier, Disciple of the Drowned	U	gsW	2
Prosper, Tome-Bound	BR	aW	2
Squee, the Immortal	R	g	1
Arabella, Abandoned Doll	WR	lkpR	2
Dragonhawk, Fate's Tempest	R	kbpCD	3
Valgavoth, Harrower of Souls	BR	crSD	2
Niv-Mizzet, Visionary	UR	rDW	2
Agent of the Iron Throne	B	p#	2
Aerith Gainsborough	W	clU	2
Brago, King Eternal	WU	kfS	2
Plargg and Nassari	R		3
Kokusho, the Evening Star	B	lpSD	1
Thalia, Guardian of Thraben	W	sn	1
Lord Skitter, Sewer King	B	tgnoy	2
Rograkh, Son of Rohgahh	R	b	1
Toxrill, the Corrosive	UB	txrbS	3
The Lord of Pain	BR	l	2
Animar, Soul of Elements	URG	cb	2
General Kreat, the Boltbringer	R	tkpy	2
Orthion, Hero of Lavabrink	R	q	3
Odric, Master Tactician	W	k	2
Halvar, God of Battle	W	ev	3
Samwise Gamgee	WG	gaxU	2
Rev, Tithe Extractor	B	ak	3
Kona, Rescue Beastie	G		2
Mogis, God of Slaughter	BR	xb	2
Gishath, Sun's Avatar	WRG	kbyD	2
Ezuri, Renegade Leader	G	tbyN	1
Inga and Esika	UG	r	2
The Jolly Balloon Man	WR	q	3
Pantlaza, Sun-Favored	WRG	yD	2
Ilharg, the Raze-Boar	R	kbC	3
Bruna, the Fading Light	W	gSK	1
God-Eternal Oketra	W	tvS	2
Yuriko, the Tiger's Shadow	UB	kpy	2
Emrakul, the World Anew	C	obD	3
Ioreth of the Healing House	U	U	1
Atraxa, Praetors' Voice	WUBG	cSK	1
Kozilek, the Broken Reality	C	trbD	2
Bruenor Battlehammer	WR	v	2
Kogla and Yidaro	RG	gbrCDP	3
Niv-Mizzet, the Firemind	UR	rpDW	2
Yarok, the Desecrated	UBG	fS	2
Doc Aurlock, Grizzled Genius	UG	gCN	1
Thrasios, Triton Hero	UG	drWP	2
Ghoulcaller Gisa	B	txW	1
Alibou, Ancient Witness	WR	akpR	2
Mari, the Killing Quill	B	axkryS	3
Ureni of the Unwritten	URG	bSD	2
Karn, Legacy Reforged	C	aR	3
The Cabbage Merchant	G	saxU	2
Esika, God of the Tree	WUBRG		3
Lightning, Army of One	WR	kbU	2
Aclazotz, Deepest Betrayal	B	tkdrhC	3
Alandra, Sky Dreamer	U	tryWP	2
Imoti, Celebrant of Bounty	UG	bzN	1
Kellogg, Dangerous Mind	BR	akoU	2
Gonti, Night Minister	B	a	3
Tinybones, the Pickpocket	B	koS	2
Baird, Steward of Argive	W	n	1
Chulane, Teller of Tales	WUG	drnN	2
Kaervek the Merciless	BR	p	1
Rakdos, Lord of Riots	BR	bnS	2
Linvala, Keeper of Silence	W	K	1
Gisela, the Broken Blade	W	SK	2
Camellia, the Seedmiser	BG	tcxyCW	3
Baylen, the Haymaker	WRG	tcbrC	2
The Ur-Dragon	WUBRG	krybD	3
Y'shtola Rhul	U	nfCNU	2
Ygra, Eater of All	BG	clxbC	2
Queen Marchesa	WBR	th	2
Dionus, Elvish Archdruid	G	cyN	2
Thrakkus the Butcher	RG	byD	1
Thalisse, Reverent Medium	WB	t	2
Rakdos, Patron of Chaos	BR	xbrhS	2
Questing Beast	G		3
Mirri, Weatherlight Duelist	WG	knC	2
Dwynen, Gilt-Leaf Daen	G	tlkyN	2
Anzrag, the Quake-Mole	RG	kbC	2
Skithiryx, the Blight Dragon	B	iSD	3
Freyalise, Llanowar's Fury	G	trn	3
Fynn, the Fangbearer	G	ki	1
Wilhelt, the Rotcleaver	UB	txryS	2
Greensleeves, Maro-Sorcerer	G	tdW	2
Pashalik Mons	R	txpy	2
Shadrix Silverquill	WB	tcvrD	3
Teval, the Balanced Scale	UBG	tgkdSD	2
Bugenhagen, Wise Elder	G	brU	2
Gandalf the White	W	afWU	2
Zul Ashur, Lich Lord	B	gSW	1
Gogo, Mysterious Mime	R	qWU	3
Caesar, Legion's Emperor	WBR	txkrpU	3
Tinybones, Bauble Burglar	B	goS	3
Y'shtola, Night's Blessed	WUB	slrpCWU	2
Vega, the Watcher	WU	rCS	1
Emiel the Blessed	WG	cfC	2
Dina, Soul Steeper	BG	lxpN	2
Sidisi, Undead Vizier	B	xS	2
Zack Fair	W	cvU	2
Danny Pink	U	crU	1
Gisa, Glorious Resurrector	B	W	2
Lurrus of the Dream-Den	WB	gCS	2
Carmen, Cruel Skymarcher	WB	cglxkS	2
Tifa Lockhart	G	bdU	1
Renata, Called to the Hunt	G	c	1
Prime Speaker Zegana	UG	cbrWP	2
Sovereign Okinec Ahau	WG	ckC	2
Deadpool, Trading Card	BR	rU	2
Inspiring Leader	W	t#	1
Zur the Enchanter	WUB	eW	2
Cid, Freeflier Pilot	W	gavU	2
Witch-king of Angmar	B	xnSU	2
Ratadrabik of Urborg	WB	xqySW	2
Glóin, Dwarf Emissary	R	axhU	2
Jolrael, Mwonvuli Recluse	G	trN	2
Otharri, Suns' Glory	WR	tcgky	3
Celestine, the Living Saint	W	glU	2
Jodah, the Unifier	WUBRG	W	3
Ink-Eyes, Servant of Oni	B	ko	2
Zhulodok, Void Gorger	C	bzD	1
Yenna, Redtooth Regent	WG	eqN	2
Reyav, Master Smith	WR	vk	1
Oswald Fiddlebender	W	axR	2
Derevi, Empyrial Tactician	WUG	kCW	2
Rionya, Fire Dancer	R	sqW	2
Athreos, God of Passage	WB	x	2
Farmer Cotton	WG	taU	1
The Goose Mother	UG	caxkrCD	3
Zellix, Sanity Flayer	U	tmS	2
Erebos, God of the Dead	B	lr	3
Syr Ginger, the Meal Ender	C	calbKR	3
Gwenom, Remorseless	B	kU	2
Abdel Adrian, Gorion's Ward	W	t	2
The Earth King	G	tkbdU	2
Rivaz of the Claw	BR	gCW	3
Tiamat	WUBRG	ybD	2
Eluge, the Shoreless Sea	U	skyP	3
Bria, Riptide Rogue	UR	sC	2
Arcanis the Omnipotent	U	rW	1
Kefka, Court Mage	UBR	xkrnWU	3
Xantcha, Sleeper Agent	BR	rnh	2
Hazel of the Rootbloom	BG	tqCN	2
Venat, Heart of Hydaelyn	W	crnDWU	3
Heartless Hidetsugu	R		1
Zurgo Stormrender	WBR	trp	2
Marrow-Gnawer	B	txy	1
Lagomos, Hand of Hatred	BR	tb	3
Toph, Hardheaded Teacher	RG	cgsU	2
Brimaz, King of Oreskos	W	tkC	2
Breeches, Eager Pillager	R	anyP	3
Malcolm, Keen-Eyed Navigator	U	ayP	2
Kenrith, the Returned King	WUBRG	cglbr	3
Light-Paws, Emperor's Voice	W	evC	2
Basim Ibn Ishaq	UB	ckrU	2
Goro-Goro, Disciple of Ryusei	R	tK	2
Kykar, Wind's Fury	WUR	tsxCW	2
Karametra, God of Harvests	WG	b	2
Ziatora, the Incinerator	BRG	axpbSD	2
Yedora, Grave Gardener	G	xN	2
Athreos, Shroud-Veiled	WB	x	3
Yargle and Multani	BG	bCS	1
Kess, Dissident Mage	UBR	gsW	2
Black Waltz No. 3	BR	spWU	1
Ramos, Dragon Engine	WUBRG	cDR	2
Gluntch, the Bestower	WG	carP	2
Edgar Markov	WBR	tcySK	2
Longshot, Rebel Bowman	R	spU	2
Tyvar, the Pummeler	G	bN	2
Kellan, the Fae-Blooded	WR	tev	2
Éowyn, Fearless Knight	WR	nKU	2
Ojer Pakpatiq, Deepest Epoch	U	s	3
Ms. Bumbleflower	WUG	crhC	2
Emet-Selch of the Third Seat	UB	gsDWU	2
Lavinia, Azorius Renegade	WU	sn	2
Satoru, the Infiltrator	UB	r	2
The Unagi of Kyoshi Island	U	rhPU	2
Vorel of the Hull Clade	UG	P	1
Gríma, Saruman's Footman	UB	skU	3
Kuja, Genome Sorcerer	BR	tspyWU	3
Pippin, Guard of the Citadel	WU	U	1
Endrek Sahr, Master Breeder	B	tW	2
Toph, Earthbending Master	G	ckdU	2
Jin-Gitaxias	U	serfy	3
Vorinclex	G	cebfy	3
Appa, Steadfast Guardian	W	tU	3
Ultima, Origin of Oblivion	C	kU	2
Surrak Dragonclaw	URG	b	3
Ezuri, Stalker of Spheres	UG	crN	1
Godo, Bandit Warlord	R	vky	2
Toph, the Blind Bandit	G	cdU	1
Fain, the Broker	B	tcaxW	3
Heliod, the Radiant Dawn	WU	ge	3
Betor, Kin to All	WBG	rpSD	3
Hope of Ghirapur	C	snR	2
Gisa, the Hellraiser	B	tyW	2
Zimone, Paradox Sculptor	UG	caW	2
Sisay, Weatherlight Captain	WUBRG		2
Sauron, the Dark Lord	UBR	txkrbSU	3
Zirda, the Dawnwaker	WR	nC	3
Kilo, Apogee Mind	WUR	cR	1
Nylea, God of the Hunt	G	b	3
Oviya, Automech Artisan	G	cab	2
Heliod, God of the Sun	W	t	3
Sigarda, Font of Blessings	WG	yK	3
Esior, Wardwing Familiar	U	nC	2
Bonny Pall, Clearcutter	UG	tkdrbD	3
Gimli of the Glittering Caves	R	cavkU	2
Ovika, Enigma Goliath	UR	tsbS	2
Aragorn, the Uniter	WURG	tU	3
Ertai Resurrected	UB	rnW	3
Iron Spider, Stark Upgrade	C	carRU	2
Neyali, Suns' Vanguard	WR	tvk	2
Spectacular Spider-Man	W	U	2
Slicer, Hired Muscle	R	vkhoRU	3
Fandaniel, Telophoroi Ascian	B	gsxhDWU	2
Zada, Hedron Grinder	R	sq	2
The Warring Triad	C	gbRU	2
Obyra, Dreaming Duelist	UB	py	2
Killian, Ink Duelist	WB	W	2
K-9, Mark I	U	CRU	2
Hamza, Guardian of Arashin	WG	cb	2
Thryx, the Sudden Storm	U	bD	2
Karumonix, the Rat King	B	iy	3
Maja, Bretagard Protector	WG	td	1
Mendicant Core, Guidelight	WU	aqR	2
Yeva, Nature's Herald	G	N	1
Edric, Spymaster of Trest	UG	rN	1
Trostani, Selesnya's Voice	WG	tlN	1
Roxanne, Starfall Savant	RG	kpCN	3
Toph, the First Metalbender	WRG	aU	1
Kaalia of the Vast	WBR		2
Dihada, Binder of Wills	WBR	ao	3
Wildsear, Scouring Maw	RG	ebz	1
Agent Frank Horrigan	BG	ckbU	2
Rona, Herald of Invasion	UB	bdrzW	3
Rhys the Redeemed	WG	tqN	2
Alela, Cunning Conqueror	UB	tkhyW	2
Clive, Ifrit's Dominant	R	brfU	3
Bello, Bard of the Brambles	RG	evkrCW	3
Commissar Severina Raine	WB	lxkrpU	2
Clavileño, First of the Blessed	WB	tkrS	2
Florian, Voldaren Scion	BR	S	3
Nylea, Keen-Eyed	G	b	3
O'aka, Traveling Merchant	U	rU	1
Sidisi, Brood Tyrant	UBG	tk	2
Krark, the Thumbless	R	szqW	2
Hashaton, Scarab's Fist	WUB	qSW	2
Arbaaz Mir	WR	lpU	1
Atraxa, Grand Unifier	WUBG	bK	2
Rashmi, Eternities Crafter	UG	N	2
Edgar, Charmed Groom	WB	tyS	3
Vincent Valentine	B	cxkbU	3
Ghyrson Starn, Kelermorph	UR	U	2
Calix, Guided by Fate	WG	cevkqN	3
Treebeard, Gracious Host	WG	calbNU	2
Prince Imrahil the Fair	WU	trU	1
God-Eternal Bontu	B	xrS	2
Vnwxt, Verbose Host	U	r	2
Shadowheart, Dark Justiciar	B	xrN	1
Omnath, Locus of the Roil	URG	cdry	2
Tormod, the Desecrator	B	tgSW	1
Guild Artisan	R	a#	2
Seizan, Perverter of Truth	B	rbS	1
Gogo, Master of Mimicry	U	qWU	2
Satoru Umezawa	UB		3
Jazal Goldmane	W	kC	1
Lathiel, the Bounteous Dawn	WG	cC	2
Kiora, the Rising Tide	U	tgkrP	2
The Necrobloom	WBG	tgdN	2
Korlessa, Scale Singer	UG	yDW	1
Elanor Gardner	G	adU	2
Ral, Monsoon Mage	UR	srzW	3
Lord of the Nazgûl	UB	tsySU	3
The Master, Multiplied	BR	tkU	2
Glarb, Calamity's Augur	UBG	gCW	3
Lyse Hext	WU	svU	2
The Wise Mothman	UBG	ckmU	2
Ardyn, the Usurper	B	gqyDU	2
Charix, the Raging Isle	U	nyDP	2
Bladewing the Risen	BR	gySD	2
Hermes, Overseer of Elpis	U	tskDWU	2
Astarion, the Decadent	WB	lpSN	3
Omnath, Locus of Mana	G		1
Garna, Bloodfist of Keld	BR	xrp	1
Lulu, Stern Guardian	U	cWU	1
MacCready, Lamplight Mayor	WB	lkbU	2
Yuna, Grand Summoner	WUG	cU	3
Laughing Jasper Flint	BR	C	3
Nekusar, the Mindrazer	UBR	rhSW	2
Ikra Shidiqi, the Usurper	BG	lkW	2
Squall, SeeD Mercenary	WB	gvkKU	2
Cadira, Caller of the Small	WG	tkb	1
Karazikar, the Eye Tyrant	BR	krnh	2
The Second Doctor	WU	rnhU	2
Mavren Fein, Dusk Apostle	W	tkyS	1
Saruman, the White Hand	UBR	tsyWU	1
Hakbal of the Surging Soul	UG	dryP	2
Spider-Punk	R	yU	3
Thalia and The Gitrog Monster	WBG	xkdrCS	3
Bumi, Unleashed	RG	kbdU	2
Unctus, Grand Metatect	U	tarR	3
Sliver Hivelord	WUBRG	y	1
Yes Man, Personal Securitron	W	trhRU	3
Fire Lord Azula	UBR	sqU	1
Sygg, River Cutthroat	UB	rP	1
Tegwyll, Duke of Splendor	UB	ry	2
Prava of the Steel Legion	W	tC	2
Svyelun of Sea and Sky	U	ryP	2
Tevesh Szat, Doom of Fools	B	txro	3
Aang, Swift Savior	WU	ckbU	3
Maester Seymour	G	cNU	2
Reya Dawnbringer	W	gK	1
Preston, the Vanisher	W	nqCW	2
Jegantha, the Wellspring	WUBRG	C	2
Karlov of the Ghost Council	WB	clnS	1
Tidus, Yuna's Guardian	WUG	ckrU	3
Neheb, Dreadhorde Champion	R	kbrS	2
Vohar, Vodalian Desecrator	UB	gslrpWP	3
Baldin, Century Herdmaster	W	k	2
Noble Heritage	W	ch#	2
Sorin of House Markov	WB	alpo	3
Zur, Eternal Schemer	WUB	eW	2
Arahbo, the First Fang	W	tyC	1
Ob Nixilis, Unshackled	B	cxbS	2
Alisaie Leveilleur	W	WNU	2
Gisa and Geralf	UB	gW	1
General Ferrous Rokiric	WR	t	1
Joshua, Phoenix's Dominant	WR	grfpWU	3
Minsc & Boo, Timeless Heroes	RG	tcxbrp	3
Gadrak, the Crown-Scourge	R	anD	2
Eriette of the Charmed Apple	WB	elnpW	2
Traxos, Scourge of Kroog	C	bnR	2
Squee, Goblin Nabob	R	g	1
Old Stickfingers	BG	gS	3
Folk Hero	W	ryU#	2
Irma, Part-Time Mutant	U	cqU	2
Shay Cormac	WB	cxKU	3
Tifa, Martial Artist	WRG	kbU	2
Hapatra, Vizier of Poisons	BG	tk	2
Red XIII, Proud Warrior	RG	gevbU	2
Nils, Discipline Enforcer	W	cn	3
Ozai, the Phoenix King	BR	bU	2
Muxus, Goblin Grandee	R	ky	3
Sephiroth, Fallen Hero	WR	gxkbU	3
Shalai and Hallar	WRG	cNK	2
Krang, Utrom Warlord	C	abRU	1
Titania, Nature's Force	G	tgyb	2
Rikku, Resourceful Guardian	U	U	3
Alania, Divergent Storm	UR	srqyCW	2
Zo-Zu the Punisher	R	d	1
Beza, the Bounding Spring	W	talrC	3
Queen Allenal of Ruadach	WG	tN	2
Faldorn, Dread Wolf Herald	RG	tN	2
Erebos, Bleak-Hearted	B	xr	3
Aragorn, King of Gondor	WUR	knhU	2
High Perfect Morcant	BG	cyN	2
Amalia Benavides Aguirre	WB	lnS	1
Jan Jansen, Chaos Crafter	WBR	taxR	2
Anara, Wolvid Familiar	G		1
Tromell, Seymour's Butler	G	cNU	2
Omnath, Locus of Creation	WURG	ldrp	3
Elesh Norn	W	tevxnf	3
Kopala, Warden of Waves	U	nyWP	2
Vraan, Executioner Thane	B	lxpS	2
Kefka, Dancing Mad	BR	zpobWU	3
Tymna the Weaver	WB	r	2
Wilson, Refined Grizzly	G	bC	3
Master Chef	G	c#	2
Lozhan, Dragons' Legacy	UR	pyD	2
Wyll, Blade of Frontiers	R	czW	2
The First Sliver	WUBRG	zyb	1
Golbez, Crystal Collector	UB	gapWU	3
Gargos, Vicious Watcher	G	byD	2
Felothar the Steadfast	WBG	xr	3
Emperor Mihail II	U	tyP	2
Papalymo Totolymo	WB	slxbpWU	2
Galadriel, Light of Valinor	WUG	crNU	3
Haru, Hidden Talent	G	yU	1
Azami, Lady of Scrolls	U	ryW	1
Neyith of the Dire Hunt	RG	br	2
Bayek of Siwa	WR	vU	2
The Gitrog, Ravenous Ride	BG	xkbdrCS	3
Tavern Brawler	R	#	2
Firion, Wild Rose Warrior	R	vqU	2
Vincent, Vengeful Atoner	R	ckzU	2
Baeloth Barrityl, Entertainer	R	axN	2
Szarel, Genesis Shepherd	BRG	cgxdN	2
Dion, Bahamut's Dominant	W	tcnfyKU	3
Ao, the Dawn Sky	W	caSD	3
Yoshimaru, Ever Faithful	W	cC	1
Grumgully, the Generous	RG	cy	1
Pippin, Warden of Isengard	BG	taU	2
Yuna, Hope of Spira	WG	gebU	2
Cayth, Famed Mechanist	WUR	tc	3
Helga, Skittish Seer	WUG	clrCN	3
Jinnie Fay, Jetmir's Second	WRG	tN	2
Baron Bertram Graywater	WB	txrS	2
Reki, the History of Kamigawa	G	r	1
Teysa, Orzhov Scion	WB	txn	2
Merry, Esquire of Rohan	WR	vkrKU	2
Teferi, Temporal Archmage	U		3
Teferi, Mage of Zhalfir	U	W	2
Keiga, the Tide Star	U	oSD	1
Urza, Prince of Kroog	WU	taq	2
Torens, Fist of the Angels	WG	t	1
Urabrask, Heretic Praetor	R	r	3
Gyruda, Doom of Depths	UB	mbSDP	2
Gothmog, Morgul Lieutenant	B	tU	1
Kura, the Boundless Sky	G	tdSD	3
Kykar, Zephyr Awakener	WU	tsfCW	3
Minn, Wily Illusionist	U	tryWR	3
Jenova, Ancient Calamity	BG	cryU	3
Yorion, Sky Nomad	WU	CP	2
Gollum, Patient Plotter	B	gxSU	2
Kastral, the Windcrested	WU	ckryC	3
Locke, Treasure Hunter	BR	akdmU	2
Captain N'ghathrod	UB	kmySP	3
Ob Nixilis, Captive Kingpin	BR	cbS	2
Purphoros, Bronze-Blooded	R	b	3
Katilda, Dawnhart Prime	WG	cyW	2
Tasha, the Witch Queen	UB	tsro	3
The Odd Acorn Gang	BG	kbryC	2
Finneas, Ace Archer	WG	ckbrC	2
Senu, Keen-Eyed Protector	W	lCU	2
Liliana, Heretical Healer	B	tgx	3
Jeska, Thrice Reborn	R		3
Darien, King of Kjeldor	W	t	1
Akroma, Angel of Wrath	W	bK	1
Atla Palani, Nest Tender	WRG	ty	2
Alphinaud Leveilleur	U	rWNU	2
Avatar Kyoshi, Earthbender	G	bU	1
Ajani, Nacatl Pariah	WR	tcpyC	3
Grist, Voracious Larva	BG	tgnfq	3
Éowyn, Shieldmaiden	WUR	tbrKU	2
Kellan, Inquisitive Prodigy	UG	kdr	2
Zuko, Exiled Prince	R	U	1
Queen Brahne	R	tskpU	2
Khârn the Betrayer	R	rU	2
Queza, Augur of Agonies	WUB	lrpP	1
Sokrates, Athenian Teacher	WU	kU	3
Dragonlord Atarka	RG	bD	2
Captain Sisay	WG		1
Rose, Cutthroat Raider	R	axkRU	2
Breeches, Brazen Plunderer	R	yP	2
Shanid, Sleepers' Scourge	WBR	rK	2
Satsuki, the Living Lore	WG	geN	3
Tivit, Seller of Secrets	WUB	akhbW	3
Kalain, Reclusive Painter	BR	caWN	2
Théoden, King of Rohan	WR	vyU	1
Ulalek, Fused Atrocity	WUBRG	qyD	2
Cloud, Ex-SOLDIER	WRG	avkbrU	2
Marisi, Breaker of the Coil	WRG	knhC	2
Jolene, the Plunder Queen	RG	ca	3
Sliver Legion	WUBRG	yb	1
Xyris, the Writhing Storm	URG	tkrhDP	2
Ishai, Ojutai Dragonspeaker	WU	cC	2
Hajar, Loyal Bodyguard	RG	t	1
Gilraen, Dúnedain Protector	W	fU	3
Brallin, Skyshark Rider	R	cbp	2
Haunted One	B	y#	2
Far Traveler	W	f#	2
Slinn Voda, the Rising Deep	U	bDP	2
Felisa, Fang of Silverquill	WB	tcxSW	2
Zodiark, Umbral God	B	cxyU	2
Ruric Thar, the Unbowed	RG	sb	2
Danitha, Benalia's Hope	W	evK	2
Kruphix, God of Horizons	UG		3
Katara, the Fearless	WUG	fyU	1
Nemata, Primeval Warden	BG	txrN	3
The Raven Man	B	tnW	2
Hakoda, Selfless Commander	W	tyU	3
Wulfgar of Icewind Dale	RG	kf	2
Syr Vondam, Sunstar Exemplar	WB	clxK	2
The Balrog of Moria	BR	abSU	3
Katara, Water Tribe's Hope	WU	tU	2
The Emperor of Palamecia	UR	cgskpWU	3
Tannuk, Steadfast Second	R	a	1
Adriana, Captain of the Guard	WR	kK	1
Old Rutstein	BG	tad	3
Gyome, Master Chef	BG	axbW	2
Matoya, Archon Elder	U	grWU	1
The Wandering Rescuer	W	vK	3
Astor, Bearer of Blades	WR	av	3
Zara, Renegade Recruiter	UR	kP	3
Urza, Chief Artificer	WUB	ta	2
Aminatou, the Fateshifter	WUB	rfh	3
Arvinox, the Mind Flail	B	obS	3
Sami, Wildcat Captain	WR	av	1
Nogi, Draco-Zealot	R	ky	2
Éomer, King of Rohan	WR	cvhpyU	2
Toralf, God of Fury	R	vbp	3
Gilgamesh, Master-at-Arms	R	vkybKU	3
King Darien XLVIII	WG	tc	2
Deekah, Fractal Theorist	U	tcsW	2
Prismari, the Inspiration	UR	sbD	2
Garnet, Princess of Alexandria	WG	cekU	2
Winota, Joiner of Forces	WR	y	3
Marchesa, the Black Rose	UBR	cxW	2
Felix Five-Boots	UBG	kf	2
Anti-Venom, Horrifying Healer	W	cgU	2
Stella Lee, Wild Card	UR	sq	3
Freya Crescent	R	vKU	1
Nelly Borca, Impulsive Accuser	WR	krh	2
Rith, Liberated Primeval	WRG	tyD	2
Hugs, Grisly Guardian	RG	bdC	2
Kroxa, Titan of Death's Hunger	BR	gkbD	2
Rakdos, the Muscle	BR	xbS	3
Judith, Carnage Connoisseur	BR	tsp	2
Frodo, Adventurous Hobbit	WB	krU	2
Raffine, Scheming Seer	WUB	kSW	1
Neriv, Heart of the Storm	WBR	SD	1
Jori En, Ruin Diver	UR	rWP	1
Imotekh the Stormlord	B	tgaRU	3
Mauhúr, Uruk-hai Captain	BR	cyU	2
Goldberry, River-Daughter	U	rNU	2
Olivia, Opulent Outlaw	WBR	caxkS	2
Elenda, Saint of Dusk	WB	SK	2
Taigam, Master Opportunist	U	q	2
Tromokratis	U	bDP	2
Zenos yae Galvus	B	U	3
Saheeli, the Sun's Brilliance	UR	aq	2
Norin the Wary	R	f	2
Flaming Fist	W	v#	1
God-Eternal Rhonas	G	bS	3
Moseo, Vein's New Dean	B	tglCSW	3
Xolatoyac, the Smiling Flood	UG	kbP	2
Fblthp, Lost on the Range	U		3
Olivia, Crimson Bride	BR	gkS	2
Bumi, Eclectic Earthbender	G	ckU	1
Faramir, Prince of Ithilien	WU	trU	2
Omo, Queen of Vesuva	UG	k	3
Arvad the Cursed	WB	tSK	1
Danitha, New Benalia's Light	WG	gevbK	1
Samwise the Stouthearted	W	gU	2
The Master of Keys	WUB	cgeS	2
Phenax, God of Deception	UB	m	2
Avatar Roku, Firebender	R	bU	2
Toby, Beastie Befriender	W	tnW	2
Izoni, Thousand-Eyed	BG	tglxrN	2
Braids, Cabal Minion	B	x	1
The Thirteenth Doctor	UG	cU	2
Aang, Airbending Master	W	tcU	3
Minthara, Merciless Soul	WB	tcN	3
Fumulus, the Infestation	B	tlxyS	2
The Infamous Cruelclaw	BR	kC	2
Go-Shintai of Life's Origin	WUBRG	tge	2
Aminatou, Veil Piercer	WUB	geW	2
Klothys, God of Destiny	RG	gldp	3
Absolute Virtue	WU	bU	2
Shelob, Child of Ungoliant	BG	tlxqybSU	3
Sliver Overlord	WUBRG	oyb	1
Ardbert, Warrior of Darkness	WB	cSU	2
Gollum, Obsessed Stalker	B	lpSU	2
Lonis, Cryptozoologist	UG	xN	3
Oona, Queen of the Fae	UB	tW	2
Kamahl, Heart of Krosa	G	tbN	2
Phylath, World Sculptor	RG	tcdy	2
Zurgo, Thunder's Decree	WBR	t	1
Zurzoth, Chaos Rider	R	tkrhzpyS	3
Cadric, Soul Kindler	WR	tqW	2
Anowon, the Ruin Sage	B	xyS	1
Narci, Fable Singer	WBG	elxrpW	2
Gale, Waterdeep Prodigy	U	gsW	2
Arwen, Mortal Queen	WG	cNU	3
Celes, Rune Knight	WBR	cgrfWKU	2
Rydia, Summoner of Mist	RG	gedrU	3
Akroma, Vision of Ixidor	W	vbK	3
Squee, Dubious Monarch	R	tgk	2
Vial Smasher the Fierce	BR	z	2
Rhonas the Indomitable	G	bn	2
Tinybones, Trinket Thief	B	rS	2
Toothy, Imaginary Friend	U	cr	2
Norman Osborn	UBR	gkU	3
Captain Howler, Sea Scourge	UR	krP	2
Kumena, Tyrant of Orazca	UG	cryP	2
Sin, Unending Cataclysm	UG	cbDPU	3
Ashcoat of the Shadow Swarm	B	gyW	3
Anikthea, Hand of Erebos	WBG	gekq	3
Yasharn, Implacable Earth	WG	nyC	2
Sokka, Tenacious Tactician	WUR	tsyU	2
The Boulder, Ready to Rumble	G	kbU	1
The Master, Transcendent	UBG	gmRU	2
Mm'menon, the Right Hand	U	aP	3
Soul of Windgrace	BRG	glkdrC	3
Cosima, God of the Voyage	U	cakdr	3
Nahiri, Forged in Fury	WR	v	2
Wakka, Devoted Guardian	WG	ckbU	3
Abomination of Llanowar	BG	gySN	2
Ramirez DePietro, Pillager	UB	akyP	2
The Pride of Hull Clade	UG	krCP	3
Mary Read and Anne Bonny	UR	arPU	2
Aang, at the Crossroads	WUG	U	3
Xu-Ifit, Osteoharmonist	B	gW	2
Sidar Kondo of Jamuraa	WG	nK	2
Sauron, Lord of the Rings	UBR	tgbSU	2
Silumgar, the Drifting Death	UB	yD	1
Illuminor Szeras	B	xRU	1
Djeru and Hazoret	WR	k	3
Sazh Katzroy	G	ckdU	2
Wrexial, the Risen Deep	UB	skoDP	2
Iymrith, Desert Doom	U	krD	2
Alela, Artful Provocateur	WUB	teW	2
Doran, the Siege Tower	WBG	N	1
The Scorpion God	BR	xrb	2
Nicol Bolas, the Ravager	UBR	grD	3
Braids, Conjurer Adept	U	dW	1
Tom Bombadil	WUBRG	eWU	3
Zuko, Firebending Master	R	cU	2
Victor, Valgavoth's Seneschal	WB	geW	3
Zegana, Utopian Speaker	UG	cbrWP	2
Beregond of the Guard	W	tyU	1
Marneus Calgar	WUB	tvrU	2
Desmond Miles	B	gkyU	2
Titania, Voice of Gaea	G	gld	3
Ureni, the Song Unending	URG	dbSD	2
Geralf, Visionary Stitcher	U	txyW	2
Narset, Enlightened Exile	WUR	gskq	2
Go-Shintai of Shared Purpose	W	te	2
Omnath, Locus of All	WUBRG		3
Professor Hojo	G	rU	2
Aunt May	W	clU	1
Merry, Warden of Isengard	WG	taU	2
Brinelin, the Moon Kraken	U	bnDP	2
Terra, Magical Adept	WUBRG	efmqWU	3
Diamond Weapon	G	gbRU	2
Agent of the Shadow Thieves	B	c#	2
Mai, Scornful Striker	B	sU	1
Faramir, Steward of Gondor	WU	thU	2
Kotis, the Fangkeeper	UBG	kS	2
Temmet, Naktamun's Will	WUB	krySW	2
Greta, Sweettooth Scourge	BG	caxr	2
Nicanzil, Current Conductor	UG	cdP	2
Slimefoot, the Stowaway	BG	tlpyN	2
Greymond, Avacyn's Stalwart	W	y	2
Chainer, Dementia Master	B	gy	3
Betor, Ancestor's Voice	WBG	cglSD	3
Auron, Venerated Guardian	W	cknSKU	2
Michelangelo, Weirdness to 11	G	cCPU	2
Eshki, Temur's Roar	URG	crp	2
Nethroi, Apex of Death	WBG	gCS	2
Kangee, Sky Warden	WU	kCW	2
Kellan, the Kid	WUG	d	2
Tishana, Voice of Thunder	UG	rP	2
Vren, the Relentless	UB	ty	3
Ragost, Deft Gastronaut	WR	alxp	3
Raul, Trouble Shooter	UB	gmSU	2
Don Andres, the Renegade	UBR	saoSP	2
Najeela, the Blade-Blossom	WUBRG	tkb	3
Astrid Peth	W	axkU	1
Grand Warlord Radha	RG	kN	2
Go-Shintai of Hidden Cruelty	B	en	2
Edward Kenway	UBR	akPU	3
Orvar, the All-Form	U	sqy	3
Terra, Herald of Hope	WBR	gkWU	3
Kira, Great Glass-Spinner	U	S	2
Rin and Seri, Inseparable	WRG	tlyC	3
Ayli, Eternal Pilgrim	WB	lxn	2
Éomer, Marshal of Rohan	R	xkKU	2
Feather, the Redeemed	WR	sK	2
Thada Adel, Acquisitor	U	akP	2
Raphael, Fiendish Savior	BR	tpyS	3
Toph, Greatest Earthbender	RG	vU	1
Candlekeep Sage	U	rf#	1
Sab-Sunen, Luxa Embodied	UG	cbrn	2
Higure, the Still Wind	U	ky	2
Nymris, Oona's Trickster	UB	K	2
Liesa, Shroud of Dusk	WB	K	2
Troyan, Gutsy Explorer	UG	br	2
Jodah, Archmage Eternal	WUBRG	W	1
Esix, Fractal Bloom	UG	tq	2
Ezuri, Claw of Progress	UG	cN	2
Hanna, Ship's Navigator	WU	ge	1
Aya of Alexandria	WR	tkU	2
The Mycotyrant	BG	tbnDN	3
Vraska, the Silencer	BG	x	3
Go-Shintai of Ancient Wars	R	e	2
Torgal, A Fine Hound	G	cyU	2
Lady Octopus, Inspired Inventor	U	arU	2
Super Shredder	B	cU	1
Shelinda, Yevon Acolyte	WG	cU	2
The Watcher in the Water	U	trbDPU	3
Monstrosity of the Lake	U	DPU	2
Serah Farron	WG	tU	3
Cultist of the Absolute	B	x#	2
The Ancient One	UB	grnmbS	2
Abuelo, Ancestral Echo	WU	afS	2
Monk Gyatso	W	U	1
Zell Dincht	R	dU	2
Grishnákh, Brash Instigator	R	toU	2
Zaxara, the Exemplary	UBG	tcSD	2
Gatta and Luzzu	W	cU	2
Apothecary White	W	takU	2
Ashling, the Limitless	WUBRG	xqyW	3
Ramses, Assassin Lord	UB	y	2
Galazeth Prismari	UR	saD	2
Vona, Butcher of Magan	WB	nSK	1
Go-Shintai of Boundless Vigor	G	ceb	1
Ephara, God of the Polis	WU	rb	2
Zimone, Mystery Unraveler	UG	dW	2
Obeka, Splitter of Seconds	UBR	kW	1
Shelob, Dread Weaver	B	cxrSU	3
Kari Zev, Skyship Raider	R	tkP	2
Acererak the Archlich	B	txSW	3
Ixhel, Scion of Atraxa	WBG	iK	3
Gandalf, Friend of the Shire	U	srWU	2
Itzquinth, Firstborn of Gishath	RG	yD	2
Urza, Lord Protector	WU	s	2
Meloku the Clouded Mirror	U	tW	1
Anafenza, Kin-Tree Spirit	W	cS	1
Arcades, the Strategist	WUG	rD	2
Spider-Woman, Stunning Savior	WU	U	1
Ashling, Rekindled	UR	rW	3
Legolas Greenleaf	G	ckrNU	3
Pir, Imaginative Rascal	G		2
Sauron, the Necromancer	B	gknqSU	3
Ryusei, the Falling Star	R	SD	1
Aerith, Last Ancient	WG	gNU	2
Flubs, the Fool	URG	drC	2
Sword Coast Sailor	U	#	2
The Tarrasque	G	kbD	1
Cait Sith, Fortune Teller	R	CRU	2
Grimgrin, Corpse-Born	UB	cxknS	2
Kagha, Shadow Archdruid	BG	gkN	2
Katilda, Dawnhart Martyr	W	gvSW	3
Byrke, Long Ear of the Law	WG	ckC	2
Ambrosia Whiteheart	W	dCU	2
Shroofus Sproutsire	G	tkbyN	1
Breya, Etherium Shaper	WUBR	tlxR	3
Firkraag, Cunning Instigator	UR	ckrhyD	3
Sigarda, Host of Herons	WG	K	1
Chishiro, the Shattered Blade	RG	tcevK	2
Varina, Lich Queen	WUB	tglkrSW	2
Rocco, Cabaretti Caterer	WRG	N	2
Scion of the Ur-Dragon	WUBRG	qyD	2
Rielle, the Everwise	UR	gsrW	2
Gornog, the Red Reaper	R	kny	3
Vihaan, Goldwaker	WBR	W	2
Araña, Heart of the Spider	WR	ckU	2
Captain Storm, Cosmium Raider	UR	cayP	1
Will, Scion of Peace	WU	lW	2
Michiko Konda, Truth Seeker	W	x	1
Octavia, Living Thesis	U	gsbP	2
Spider-Ham, Peter Porker	G	ayCU	2
Ivy, Gleeful Spellthief	UG	sq	2
Raised by Giants	G	#	1
Shadow, Mysterious Assassin	B	xkrpU	2
Rodolf Duskbringer	WB	glSK	3
Gwaihir, Greatest of the Eagles	W	tkCU	3
Varchild, Betrayer of Kjeldor	R	tknoK	3
Mr. House, President and CEO	WBR	tazRU	3
Ivora, Insatiable Heir	R	cakbS	2
Savra, Queen of the Golgari	BG	lxN	2
Gaius van Baelsar	B	txU	3
Armix, Filigree Thrasher	B	gakR	2
Admiral Beckett Brass	UBR	oyP	2
Iron Man, Titan of Innovation	UR	axkRU	3
Go-Shintai of Lost Wisdom	U	em	2
Fire Lord Zuko	WBR	cU	2
Valki, God of Lies	BR	noq	3
Leinore, Autumn Sovereign	WG	cr	2
Hope Estheim	WU	lmWU	1
Lord Windgrace	BRG	tgdr	3
Shadow the Hedgehog	BR	rzCU	2
Ayula, Queen Among Bears	G	cbyC	2
Kaheera, the Orphanguard	WG	yC	2
Ultron, Artificial Malevolence	C	aqRU	2
The Swarmweaver	BG	tgyR	2
Agatha of the Vile Cauldron	RG	tbW	2
Tori D'Avenant, Fury Rider	WR	tkbK	2
Whisper, Blood Liturgist	B	gx	1
Shredder, Shadow Master	B	kqU	3
Doran, Besieged by Time	WBG	kN	2
Strong, the Brutish Thespian	G	clmbU	2
The Reaper, King No More	BRG	xR	2
Naban, Dean of Iteration	U	fyW	2
Pia Nalaar, Consul of Revival	WR	ty	2
The Wandering Minstrel	WUBRG	tdWU	3
Sméagol, Helpful Guide	BG	dSU	3
Witherbloom, the Balancer	BG	sD	2
Rakdos, the Showstopper	BR	bnzS	2
Voja, Jaws of the Conclave	WRG	ckbry	2
Ruxa, Patient Professor	G	gkCN	3
Kotori, Pilot Prodigy	WU	a	2
Alesha, Who Smiles at Death	WBR	gk	2
Dosan the Falling Leaf	G		1
Eruth, Tormented Prophet	UR	rW	1
Magnus the Red	UR	tskSU	2
Yuffie, Materia Hunter	R	avoU	2
G'raha Tia, Scion Reborn	WUB	tcsCWU	2
Sliver Gravemother	WUBRG	gyb	2
Jill, Shiva's Dominant	U	fU	3
Fang, Fearless l'Cie	B	grU	1
Tourach, Dread Cantor	B	cz	3
Iraxxa, Empress of Mars	R	tbU	2
Tor Wauki the Younger	BR	sp	2
Iroh, Grand Lotus	URG	gsU	2
Ellivere of the Wild Court	WG	evkrK	2
Elena, Turk Recruit	W	cgyU	2
Samut, Voice of Dissent	WRG	v	3
Meriadoc Brandybuck	G	akyU	1
Jirina, Dauntless General	WB	y	2
Inferno of the Star Mounts	R	pbD	2
Piper Wright, Publick Reporter	U	cxkU	2
Tyvar the Bellicose	BG	ckyN	3
Ezio, Blade of Vengeance	UB	kryU	1
Reyhan, Last of the Abzan	BG	cx	2
Rosa, Resolute White Mage	W	cU	1
Cormela, Glamour Thief	UBR	gsS	2
Brigid, Clachan's Heart	WG	t	3
Eirdu, Carrier of Dawn	WB		3
Naru Meha, Master Wizard	U	sqyW	2
Herigast, Erupting Nullkite	R	xrbD	3
Choco, Seeker of Paradise	WUG	kdyCU	3
Asmodeus the Archfiend	B	rbS	2
Gev, Scaled Scorch	BR	chyC	2
Horde of Notions	WUBRG	gby	1
Mizzix of the Izmagnus	UR	csW	2
Rendmaw, Creaking Nest	BG	thR	2
Red Death, Shipwrecker	UR	rhPU	1
Kratos, God of War	R	vU	2
Eris, Roar of the Storm	UR	tgsW	2
Satya, Aetherflux Genius	WUR	kq	3
Reidane, God of the Worthy	W	sn	3
Aang, the Last Airbender	W	U	2
Oloro, Ageless Ascetic	WUB	lrpD	2
Drana, the Last Bloodchief	B	cgkS	2
Arno Dorian	BR	yU	2
Moritte of the Frost	UG	cqy	2
Nadaar, Selfless Paladin	W	tkDK	2
Sidisi, Regent of the Mire	B	gxSW	2
Agent Venom	B	xrU	2
Azlask, the Swelling Scourge	WUBRG	cyD	3
Linden, the Steadfast Queen	W	l	1
Kyler, Sigardian Emissary	WG	cy	2
Raff Capashen, Ship's Mage	WU	W	2
Radha, Heir to Keld	RG	kN	1
The Peregrine Dynamo	C	qR	2
Katara, Bending Prodigy	U	crU	1
Calamity, Galloping Inferno	R	kqC	2
Jhoira of the Ghitu	UR	W	1
Hancock, Ghoulish Mayor	B	ySU	1
Maralen, Fae Ascendant	UBG	yN	3
Clement, the Worrywort	UG	yCN	2
Emet-Selch, Unsundered	UB	gkrDWU	3
Olivia Voldaren	BR	coS	2
Gadwick, the Wizened	U	rnW	1
Katara, Waterbending Master	U	ckrU	2
Layla Hassan	W	gkyU	2
Marcus, Mutant Mayor	UG	ckbrU	2
Bladewing, Deathless Tyrant	BR	tgkbSD	2
Teysa, Opulent Oligarch	WB	th	3
Tersa Lightshatter	R	gkrzW	2
Kaervek, the Punisher	B	gqW	2
Balan, Wandering Knight	W	vCK	2
Appa, Loyal Sky Bison	W	kU	3
The Sixth Doctor	UG	qU	2
Yargle, Glutton of Urborg	B	bCS	1
Burakos, Party Leader	B	ak	2
Teysa, Envoy of Ghosts	WB	t	2
Shabraz, the Skyshark	WU	clrCP	3
Auntie Ool, Cursewretch	BRG	rW	2
The Tenth Doctor	UR	kU	2
Dina, Essence Brewer	BG	clxrN	2
The Speed Demon	B	brS	2
Lyla, Holographic Assistant	U	crRU	1
Drafna, Founder of Lat-Nam	U	aq	1
Jecht, Reluctant Guardian	B	xkrnfU	3
Kudo, King Among Bears	WG	C	1
The Balrog, Durin's Bane	BR	nbSU	3
Elrond, Lord of Rivendell	U	NU	2
Sam, Loyal Attendant	WG	aU	2
Judith, the Scourge Diva	BR	txp	1
The Mouth of Sauron	UB	tsmU	2
Adéwalé, Breaker of Chains	UB	gakPU	3
Mastermind Plum	B	gakrWU	2
Elsha, Threefold Master	WUR	tskb	2
Progenitus	WUBRG	bD	2
Emmara, Soul of the Accord	WG	tN	1
Gwaihir the Windlord	WU	yCU	2
SP//dr, Piloted by Peni	WU	ckrRU	2
Anrakyr the Traveller	B	akRU	2
Quina, Qu Gourmet	G	tcxU	2
Aragorn, Hornburg Hero	WRG	ckU	2
Hylda of the Icy Crown	WU	tcrW	3
Elsha of the Infinite	WUR	s	2
Shaun, Father of Synths	UR	tkqU	3
Gimli, Counter of Kills	R	xbU	1
Grolnok, the Omnivore	UG	yC	2
Jace, Vryn's Prodigy	U	gsrmW	3
Xanathar, Guild Kingpin	UB	n	3
Dragonlord Silumgar	UB	oD	1
Tam, Mindful First-Year	UG	W	2
Starscream, Power Hungry	B	krhpRU	3
Nissa, Vastwood Seer	G	tdyN	3
Sapling of Colfenor	BG	lkpN	2
Yusri, Fortune's Flame	UR	kr	3
Mona Lisa, Science Geek	G	CU	1
Evie Frye	U	rU	2
Ishkanah, Grafwidow	BG	tgpy	2
Gran-Gran	U	gsrU	2
Keleth, Sunmane Familiar	W	cC	1
Zinnia, Valley's Voice	WUR	CW	2
Kibo, Uktabi Prince	RG	clxkhC	3
Haldir, Lórien Lieutenant	G	cyNU	2
Geralf, the Fleshwright	U	tcyW	3
Pramikon, Sky Rampart	WUR	h	2
Old One Eye	G	tgbU	3
Vishgraz, the Doomhive	WBG	tni	2
Kolaghan, the Storm's Fury	BR	tkyD	2
Mishra, Claimed by Gix	BR	lkp	3
Combustion Man	R	knU	1
Roshan, Hidden Magister	B	rU	3
Grothama, All-Devouring	G	brhD	2
Arcum Dagsson	U	a	2
Mass of Mysteries	WUBRG	tkby	2
Zimone, Quandrix Prodigy	UG	drW	2
Francisco, Fowl Marauder	B	nyCP	3
Mutagen Man, Living Ooze	G	tbU	2
Suki, Courageous Rescuer	W	tU	2
Lazav, Dimir Mastermind	UB	q	2
Yue, the Moon Spirit	U	sSU	1
Ebondeath, Dracolich	B	gSD	3
Wyleth, Soul of Steel	WR	evkbr	1
Toggo, Goblin Weaponsmith	R	vdp	2
Rocco, Street Chef	WRG	cahN	3
Boromir, Gondor's Hope	WU	akU	2
Duke Ulder Ravengard	WR	tk	1
Magus Lucea Kane	URG	csqWU	3
Taborax, Hope's Demise	B	cxrS	2
Flopsie, Bumi's Buddy	G	cbCU	2
Banon, the Returners' Leader	WR	gkrU	2
Elrond, Master of Healing	UG	crNU	3
Aragorn and Arwen, Wed	WG	clkNU	2
Haakon, Stromgald Scourge	B	gySK	2
Samut, Vizier of Naktamun	RG	kr	2
Kraum, Ludevic's Opus	UR	rS	2
Hofri Ghostforge	WR	txbqy	3
Svella, Ice Shaper	RG		3
Wolverine, Best There Is	RG	cU	2
Raiyuu, Storm's Edge	WR	kyK	2
Anax, Hardened in the Forge	R	tbn	2
Ty Lee, Chi Blocker	U	snU	2
Kaalia, Zenith Seeker	WBR	y	2
Achilles Davenport	UB	yU	2
Imskir Iron-Eater	BR	axrpS	2
Etrata, the Silencer	UB	knS	3
Lily Bowen, Raging Grandma	G	clU	3
Averna, the Chaos Bloom	URG	dz	1
Zask, Skittering Swarmlord	BG	gy	2
Mr. Foxglove	WUG	krC	2
Adelbert Steiner	W	vKU	1
Gut, True Soul Zealot	R	txk	2
Keranos, God of Storms	UR	drpb	3
Falthis, Shadowcat Familiar	B	CS	1
Carth the Lion	BG		3
Black Cat, Cunning Thief	B	U	3
Falco Spara, Pactweaver	WUG	bCS	3
Dr. Madison Li	WUR	gabrU	3
Rienne, Angel of Rebirth	WRG	txK	2
Fumiko the Lowblood	R	kK	1
Graaz, Unstoppable Juggernaut	C	ybR	2
Dragonlord Ojutai	WU	kD	2
Rilsa Rael, Kingpin	UB	kh	2
Trelasarra, Moon Dancer	WG	clN	1
Denethor, Ruling Steward	WB	tlxpU	2
Ayara, Widow of the Realm	BR	glxN	3
The Ninth Doctor	UR	U	1
Tovolar, Dire Overlord	RG	kbryS	3
Vendilion Clique	U	rW	2
Koll, the Forgemaster	WR	tvx	2
Baral and Kari Zev	UR	ts	3
Paladin Elizabeth Taggerdy	WR	krKU	2
Spider-Man, Brooklyn Visionary	G	dU	1
Sigurd, Jarl of Ravensthorpe	WRG	cebU	2
Henzie "Toolbox" Torre	BRG	S	2
Kynaios and Tiro of Meletis	WURG	drh	2
Dalakos, Crafter of Wonders	UR	avP	2
Raph & Mikey, Troublemakers	RG	kbCPU	2
Tamiyo, Inquisitive Student	UG	gskrW	3
Demonlord Belzenlok	B	bSD	3
Lydia Frye	UB	gyU	2
Avatar Aang	WUBRG	clrpU	3
Raubahn, Bull of Ala Mhigo	R	vkU	2
Okaun, Eye of Chaos	R	z	2
Coram, the Undertaker	BRG	kbm	3
Tomik, Wielder of Law	WB	r	2
Akroma, Angel of Fury	R	bK	3
Kimahri, Valiant Guardian	UG	cnqCU	2
Paladin Danse, Steel Maverick	W	KRU	1
Galadriel of Lothlórien	UG	dNU	2
Stiltzkin, Moogle Merchant	W	rhU	1
Kalitas, Traitor of Ghet	B	tcxS	2
Barbara Wright	W	eU	1
Aatchik, Emerald Radian	BG	tcgpyN	2
Raggadragga, Goreguts Boss	RG	kbC	3
Isamaru, Hound of Konda	W	C	1
The Haunt of Hightower	B	ckS	2
Lobelia Sackville-Baggins	B	ganoU	2
Altaïr Ibn-La'Ahad	WBR	gqU	3
Bilbo, Birthday Celebrant	WBG	lU	2
Colfenor, the Last Yew	WBG	gN	2
Gladiolus Amicitia	RG	bdU	2
Storm, Force of Nature	URG	skU	2
Cloud, Planet's Champion	WR	vU	2
The Mechanist, Aerial Artisan	U	saU	2
Iroh, Dragon of the West	R	cU	2
Surtr, Fiery Jötun	R	bpDU	1
Linvala, Shield of Sea Gate	WU	nWK	3
Sidar Jabari of Zhalfir	WUB	gkrK	3
Bartz and Boko	G	yCU	2
Urtet, Remnant of Memnarch	WUBRG	tcyR	2
Fangorn, Tree Shepherd	G	kyNU	2
Medomai the Ageless	WU	knW	2
Blex, Vexing Pest	BG	ly	3
Kefnet the Mindful	U	rn	2
Tombstone, Career Criminal	B	gyU	1
Ezio Auditore da Firenze	WUBRG	kyU	2
Éowyn, Lady of Rohan	W	vU	3
Josu Vess, Lich Knight	B	tSK	2
Kairi, the Swirling Sky	U	gbSD	3
The Twelfth Doctor	UR	cU	2
Lobelia, Defender of Bag End	B	lxpU	3
The Capitoline Triad	C	gbU	3
Ultimate Green Goblin	BR	aU	1
Strefan, Maurer Progenitor	BR	axkyS	3
Altanak, the Thrice-Called	G	gbdr	2
Bruse Tarl, Boorish Herder	WR	vk	1
Sharuum the Hegemon	WUB	gaWR	1
Aveline de Grandpré	BG	ckU	2
Shilgengar, Sire of Famine	WB	gaxbSD	3
Melek, Izzet Paragon	UR	sqW	2
Renari, Merchant of Marvels	U	ayD	1
Kotis, Sibsig Champion	UBG	cgS	3
Sharae of Numbing Depths	WU	rnWP	2
Vaan, Street Thief	R	cakoyU	3
Saffi Eriksdotter	WG		1
Mu Yanling, Wind Rider	U	takrW	2
Arna Kennerüd, Skycaptain	WUB	vqK	2
Oji, the Exquisite Blade	WU	lf	2
Donatello, the Brains	U	CPU	1
Marvo, Deep Operative	UB	krP	2
Aron, Benalia's Ruin	WB	cx	1
Peter Parker	WUG	tU	3
Kethis, the Hidden Hand	WBG	gN	2
Sliver Queen	WUBRG	tb	1
Surrak, Elusive Hunter	G	br	2
Kassandra, Eagle Bearer	WR	vkrU	3
Suki, Kyoshi Warrior	WG	tkU	2
Be'lakor, the Dark Master	UBR	rzpybSU	2
Callaphe, Beloved of the Sea	U	en	2
Superior Spider-Man	UB	gqU	2
Rune-Tail, Kitsune Ascendant	W	C	1
Azula, Cunning Usurper	UB	gU	3
Phage the Untouchable	B	k	2
Archangel Avacyn	WR	yK	3
Brimaz, Blight of Oreskos	WB	tcC	2
Lord Xander, the Collector	UBR	kbS	3
Spider-Man, Miles Morales	G	ckbU	2
Admiral Brass, Unsinkable	UBR	gP	2
Anje, Maid of Dishonor	BR	alxpyS	2
Verdeloth the Ancient	G	tyN	2
Malcolm, the Eyes	UR	P	1
Velomachus Lorehold	WR	skD	3
Elenda and Azor	WUB	tkrbSWK	3
Umbris, Fear Manifest	UB	dyS	2
Witch-king, Bringer of Ruin	B	xkSU	1
Arwen Undómiel	UG	cNU	1
Ketramose, the New Dawn	WB	rn	2
Davros, Dalek Creator	UBR	trRU	3
Carnage, Crimson Chaos	BR	gkbU	2
Slobad, Goblin Tinkerer	R	x	1
Mog, Moogle Warrior	WR	tcrhyU	3
Jon Irenicus, Shattered One	UB	ckrhWN	3
Henrika Domnathi	B	xrS	3
Lorthos, the Tidemaker	U	kbP	2
Jin Sakai, Ghost of Tsushima	WUB	vkrKU	3
The Mimeoplasm	UBG	cq	2
The Red Terror	R	cU	2
Sarkhan, Dragon Ascendant	R	cayN	2
Erinis, Gloom Stalker	G	gkd	2
Miles Morales	WRG	ckyU	3
Stenn, Paranoid Partisan	WU	fyW	2
Chiss-Goria, Forge Tyrant	R	akD	2
The Blue Spirit	U	rU	2
Silk, Web Weaver	WG	tU	2
Momo, Friendly Flier	W	yCU	2
Siegfried, Famed Swordsman	B	cgU	2
Zoyowa Lava-Tongue	BR	xhpW	2
Craig Boone, Novac Guard	WR	kU	3
Runadi, Behemoth Caller	G	cbC	2
Nissa, Worldsoul Speaker	G	dN	2
Myojin of Cryptic Dreams	U	qS	2
Grismold, the Dreadsower	BG	tcxbh	2
Meneldor, Swift Savior	U	kfCU	2
Liberty Prime, Recharged	WUR	xkbrRU	2
Barret, Avalanche Leader	RG	tvyU	2
Surrak, the Hunt Caller	G	b	2
Ultimecia, Temporal Threat	U	krWU	2
Aeve, Progenitor Ooze	G	csy	2
Alena, Kessig Trapper	R	b	2
Qala, Ajani's Pridemate	W	clkC	2
Sentinel Sarah Lyons	WR	takpKU	3
Ray Fillet, Wave Warrior	U	ckrPU	2
Raphael, the Nightwatcher	R	vkCPU	1
Feywild Visitor	U	tk#	2
Obeka, Brute Chronologist	UBR	W	1
Valentin, Dean of the Vein	BG	tclbSW	3
Virtus the Veiled	B	k	2
Sokka, Lateral Strategist	WU	krU	1
Mr. Orfeo, the Boulder	BRG	k	1
Shang-Chi, Master of Kung Fu	G	U	2
Kirol, Attentive First-Year	WR	qS	2
Krile Baldesion	WU	gsWU	2
Commander Liara Portyr	WR	k	2
Gandalf the Grey	UR	spqWU	3
Dragonlord Kolaghan	BR	bD	2
Mikey & Leo, Chaos & Order	WG	rCPU	1
Firja, Judge of Valor	WB	K	2
Evereth, Viceroy of Plunder	BR	cxpS	3
Jenson Carthalion, Druid Exile	WUBRG	tN	2
Mole Man, Moloid Master	G	tgdU	2
Amzu, Swarm's Hunger	BG	tcgy	3
Havi, the All-Father	WRG	gbU	3
Uurg, Spawn of Turg	BG	glxdC	2
Hazezon, Shaper of Sand	WRG	tg	2
Marina Vendrell	WUBRG	eW	2
Arahbo, Roar of the World	WG	byC	3
Errant and Giada	WU	K	3
Killian, Decisive Mentor	WB	ekrhW	2
Shuri, Wakandan Inventor	U	aqU	2
Blech, Loafing Pest	BG	cly	1
Commodore Guff	WUR	trp	3
The War Doctor	WR	kpU	3
Círdan the Shipwright	UG	rhNU	3
Tasigur, the Golden Fang	UBG	g	1
Bilbo, Retired Burglar	UR	akfU	2
Raphael, the Muscle	R	CPU	2
Aryel, Knight of Windgrace	WB	tnyK	2
Tajic, Legion's Edge	WR	c	3
Kamiz, Obscura Oculus	WUB	vkP	2
Anafenza, Unyielding Lineage	W	xS	2
Miara, Thorn of the Glade	B	ryN	1
Memnarch	U	oWR	1
Jacob Frye	B	gkqyU	2
Rem Karolus, Stalwart Slayer	WR	K	2
Spider-Man 2099	UR	vnpU	3
Casey Jones, Back Alley Brute	R	ckU	2
Urdnan, Dromoka Warrior	W	cvk	3
Smaug the Magnificent	R	apDU	2
Quandrix, the Proof	UG	sbzD	2
Krydle of Baldur's Gate	UB	lkN	2
Yidaro, Wandering Monster	R	gbCDP	2
Captain America, First Avenger	WUR	vU	3
King T'Challa	WU	vkrU	3
Gorma, the Gullet	BG	cxC	2
Green Goblin, Revenant	BR	krU	1
Arthur, Marigold Knight	WUR	kCK	3
Mirko, Obsessive Theorist	UB	cgS	2
Lorehold, the Historian	WR	srD	2
The Unbeatable Squirrel Girl	G	tkyCU	2
Doctor Octopus, Master Planner	UB	ryU	2
Nine-Fingers Keene	UBG	k	3
Subira, Tulzidi Caravanner	R	kr	2
Frodo, Sauron's Bane	WB	kU	3
Hidetsugu and Kairi	UB	srpSD	3
Adric, Mathematical Genius	U	nqU	2
Osgir, the Reconstructor	WR	gaxqD	2
Ratchet, Field Medic	W	galRU	3
Vannifar, Evolved Enigma	UG	cWN	2
Imodane, the Pyrohammer	R	spK	2
Erkenbrand, Lord of Westfold	R	tyU	1
Radagast the Brown	G	yWU	3
Oketra the True	W	tvn	2
Fortune, Loyal Steed	W	kf	2
Saruman the White	U	tWU	1
Wylie Duke, Atiin Hero	WG	lr	1
The Motherlode, Excavator	R	knRU	3
Hraesvelgr of the First Brood	U	sDU	2
Shao Jun	UR	apU	2
Radha, Heart of Keld	RG	dN	2
Kalakscion, Hunger Tyrant	B	b	1
Yisan, the Wanderer Bard	G	W	2
Phlage, Titan of Fire's Fury	WR	glkpbD	2
Spider-Man India	WG	cU	2
Silverquill, the Disputant	WB	sxD	1
Neera, Wild Mage	UR	N	3
Brokkos, Apex of Forever	UBG	gbS	2
Krang, the All-Powerful	U	cfRU	2
Eight-and-a-Half-Tails	W	C	2
Gonti, Canny Acquisitor	UBG	k	3
Ertha Jo, Frontier Mentor	WR	tq	3
Terrian, World Tyrant	G	bD	1
Child of Alara	WUBRG	bn	1
Ratonhnhaké꞉ton	WUB	tgvkU	3
Colonel Autumn	WB	cxU	3
Cazur, Ruthless Stalker	G	ck	2
Dargo, the Shipwrecker	R	xbDP	3
General Marhault Elsdragon	RG	N	1
Baxter, Fly in the Ointment	U	ckrU	2
The Cyber-Controller	UB	tamRU	2
God-Eternal Kefnet	U	sqS	3
Amy Rose	WR	vkCU	2
Geth, Lord of the Vault	B	gmoS	2
Belbe, Corrupted Observer	BG	SN	1
Breeches, the Blastmaker	UR	sxzpqP	3
Mowu, Loyal Companion	G	cbC	1
Sefris of the Hidden Ways	WUB	gW	2
Neerdiv, Devious Diver	U	cgrmP	2
Mister Fantastic, Reed Richards	U	trU	1
Bre of Clan Stoutarm	WR	lD	3
Teneb, the Harvester	WBG	gkbD	2
Tuvasa the Sunlit	WUG	erP	1
Kamber, the Plunderer	B	alxS	2
Gau, Feral Youth	R	ckpU	2
Zimone, Infinite Analyst	UG	cW	2
Kain, Traitorous Dragoon	B	akrKU	2
Sun Quan, Lord of Wu	U		1
Aurelia, Exemplar of Justice	WR	cbK	2
Karrthus, Tyrant of Jund	BRG	oybD	2
Cloakwood Hermit	G	t#	2
Shiko and Narset, Unified	WUR	srqSD	2
Chevill, Bane of Monsters	BG	lxr	3
Katsumasa, the Animator	U	ca	3
The Valeyard	UBR	hU	1
Etrata, Deadly Fugitive	UB	yS	3
Slash, Reptile Rampager	R	tkpbCPU	2
O-Kagachi, Vengeful Kami	WUBRG	kbnSD	2
Krenko, Baron of Tin Street	R	tcxy	2
Yurlok of Scorch Thrash	BRG	hC	2
Prime Speaker Vannifar	UG	xWN	2
Kelsien, the Plague	WBR	c	2
Nalia de'Arnise	WB	cy	3
Wayta, Trainer Prodigy	WRG	bf	3
Blitzwing, Cruel Tormentor	B	kzpbRU	3
Seshiro the Anointed	G	tkry	1
Narset, Enlightened Master	WUR	sk	2
Beatrix, Loyal General	W	vU	1
Scarlet Spider, Ben Reilly	RG	cbU	2
Thancred Waters	W	sU	2
Kalemne, Disciple of Iroas	WR	cvbD	2
Daretti, Rocketeer Engineer	R	gaxk	2
Noctis, Prince of Lucis	WUB	gaU	2
Green Goblin, Nemesis	BR	cadyU	2
Keruga, the Macrosage	UG	drD	2
Orcus, Prince of Undeath	BR	gbS	3
Atreus, Impulsive Son	UR	crpU	2
Prowler, Clawed Thief	UB	yU	1
General Leo Cristophe	W	cgU	2
Emissary Green	G	cakU	2
Leonardo, the Balance	WUBRG	cbCPU	2
Zidane, Tantalus Thief	WR	ahoU	2
Inalla, Archmage Ritualist	UBR	pqyW	3
Archelos, Lagoon Mystic	UBG	CP	1
Baird, Argivian Recruiter	WR	t	2
Scriv, the Obligator	WB	evkC	3
Vadmir, New Blood	B	cS	2
Sergeant John Benton	WG	kbrU	1
Gretchen Titchwillow	UG	drN	1
Kolvori, God of Kinship	G	y	3
Rat King, Verminister	B	tcgxU	3
Anje Falkenrath	BR	rS	2
Omarthis, Ghostfire Initiate	C	cS	3
Tanazir Quandrix	UG	ckbD	3
Brion Stoutarm	WR	xpD	2
Headliner Scarlett	R	nWU	2
Harald, King of Skemfar	BG	N	2
Taii Wakeen, Perfect Shot	WR	r	2
Niko, Light of Hope	WU	fqW	2
Lena, Selfless Champion	W	tK	2
Gilanra, Caller of Wirewood	G	brN	1
Arnyn, Deathbloom Botanist	B	lxpSN	1
James, Wandering Dad	U	U	1
Cosmic Spider-Man	WUBRG	byU	2
Hama Pashar, Ruin Seeker	WU	fW	1
Lazav, the Multifarious	UB	gq	2
Reaper King	WUBRG	tnybR	1
Zedruu the Greathearted	WUR	lrh	2
Barrin, Tolarian Archmage	U	rW	2
Uncle Iroh	RG	U	1
Volo, Guide to Monsters	UG	gsqyW	2
Nemata, Grove Guardian	G	txN	1
Sanar, Unfinished Genius // Wild Idea	UR	saW	2
Haytham Kenway	WU	yKU	2
Ran and Shaw	R	gqyDU	2
Old Flitterfang	B	ax	2
Zoraline, Cosmos Caller	WB	glkyC	3
Abaddon the Despoiler	UBR	bzU	2
Kiora, Sovereign of the Deep	UG	yP	3
Morska, Undersea Sleuth	WUG	crP	2
Slimefoot and Squee	BRG	tgxkN	2
Errant, Street Artist	U	sq	2
Rowan, Scion of War	BR	W	2
Totentanz, Swarm Piper	BR	tnyW	2
Xavier Sal, Infested Captain	UBG	tcxNP	2
Skullbriar, the Walking Grave	BG	ckS	2
Thrun, Breaker of Silence	G	b	3
Veronica, Dissident Scribe	R	akrU	2
Eladamri, Lord of Leaves	G	yN	1
Smellerbee, Rebel Fighter	R	krU	2
Michelangelo, the Heart	G	cakbCPU	2
Mabel, Heir to Cragflame	WR	vbyC	2
Elder Arthur Maxson	WB	txKU	1
Indoraptor, the Perfect Hybrid	BRG	xzDU	2
Black Panther, Wakandan King	WG	clrU	3
Dr. Eggman	UBR	arU	2
Rhys the Exiled	BG	lxyN	1
Zilortha, Strength Incarnate	RG	bD	1
Primo, the Unbounded	UG	tckb	2
Zurgo and Ojutai	WUR	kyD	3
Kothophed, Soul Hoarder	B	rbS	1
Yuma, Proud Protector	WRG	tgxkdrb	3
Popular Entertainer	R	kh#	2
Harold and Bob, First Numens	G	emyNU	3
Frodo Baggins	WG	U	2
Bill the Pony	W	axCU	2
Gwen Stacy	WUR	cU	3
Jason Bright, Glowing Prophet	U	cxrySU	2
Appa, the Vigilant	W	tybU	2
Eivor, Battle-Ready	WR	vkpU	2
Pia and Kiran Nalaar	R	txp	2
Tawnos, the Toymaker	UG	q	1
Dark Leo & Shredder	WB	tkCPU	2
Splinter, the Mentor	B	U	2
Dungeon Delver	U	f#	1
Heroes in a Half Shell	WUBRG	ckbryCPU	2
The Dawning Archaic	C	gskb	3
Lita, Mechanical Engineer	W	taR	2
Grunn, the Lonely King	G	ckb	2
Vito, Fanatic of Aclazotz	WB	tlxpS	3
Thraximundar	UBR	cxkbS	2
Quintorius, Loremaster	WR	tgx	3
Jor Kadeen, the Prevailer	WR	ta	1
Kemba, Kha Regent	W	tvC	1
Ferrafor, Young Yew	G	tN	2
The Vision	C	svrRU	3
Niv-Mizzet Reborn	WUBRG	bD	2
Lita, Little Orphan Amphibian	W	caCPU	3
Verix Bladewing	R	tD	2
Shark Shredder, Killer Clone	B	koPU	2
Captain America, Living Legend	WU	U	2
Abigale, Eloquent First-Year	WB	CW	2
Mister Negative	WB	rU	2
Siona, Captain of the Pyleas	WG	tev	3
Curie, Emergent Intelligence	U	akrqRU	3
Disa the Restless	BRG	ky	2
Azula, On the Hunt	B	akU	1
Minwu, White Mage	W	clyU	1
Yidris, Maelstrom Wielder	UBRG	kbzW	1
Plagon, Lord of the Beach	WU	rWP	2
Momo, Playful Pet	W	caCU	3
Martha Jones	U	xU	2
Brigone, Soldier of Meletis	W	cr	2
Kraum, Violent Cacophony	UR	crS	1
Baba Lysaga, Night Witch	BG	lrpW	2
Nahiri, the Lithomancer	W	tv	3
Kunoros, Hound of Athreos	WB	nC	2
Nashi, Searcher in the Dark	UB	cgekW	2
Muerra, Trash Tactician	RG	lyC	2
Huatli, Poet of Unity	WRG	tevbdyW	3
Winter, Misanthropic Guide	BRG	grhW	2
Dogmeat, Ever Loyal	WRG	gaevkCU	2
Tolsimir Wolfblood	WG	tN	2
Vaevictis Asmadi, the Dire	BRG	kbD	3
Acolyte of Bahamut	G	y#	1
Urianger Augurelt	WU	lNU	3
Jared Carthalion	WUBRG	tcgabr	3
Master Piandao	W	vkU	2
Iron Man, Armored Avenger	U	ckrRU	2
Wick, the Whorled Mind	UBR	tcxrpyW	3
Kamahl, Fist of Krosa	G	tbN	2
Shirei, Shizo's Caretaker	B	S	2
Kresh the Bloodbraided	BRG	cx	1
Sonic the Hedgehog	WUR	cakCU	2
Winter, Cynical Opportunist	BG	gkW	3
Felothar, Dawn of the Abzan	WBG	cxkb	2
Mila, Crafty Companion	WR	grpC	3
Tellah, Great Sage	UR	tsrpWU	2
Sivitri, Dragon Master	UB	ny	3
Fblthp, the Lost	U	r	2
Spider-Man Noir	B	cgkU	1
Scion of Halaster	B	r#	2
Quistis Trepe	U	gsWU	2
Niv-Mizzet, Dracogenius	UR	rpDW	2
Celeborn the Wise	G	kNU	2
Dyadrine, Synthesis Amalgam	WG	tckbrR	3
Balthor the Defiled	B	ghS	2
Sarah Jane Smith	W	U	1
Gollum, Scheming Guide	B	krSU	3
Ognis, the Dragon's Lash	BRG	akC	1
Hobgoblin, Mantled Marauder	R	U	1
Valduk, Keeper of the Flame	R	tevb	2
Tatyova, Steward of Tides	UG	dNP	2
Strago and Relm	R	WU	3
Livaan, Cultist of Tiamat	R	sD	2
Eddie Brock	BRG	gxkbrU	3
Yorvo, Lord of Garenbrig	G	cD	2
Judge Magister Gabranth	WB	caxKU	1
Ghen, Arcanum Weaver	WBR	gexW	1
ED-E, Lonesome Eyebot	C	krRU	3
Ojutai, Soul of Winter	WU	nyD	2
Mishra, Tamer of Mak Fawa	BR	gax	1
Gríma Wormtongue	B	tlxpU	2
Cleopatra, Exiled Pharaoh	BG	cxrU	2
Daxos the Returned	WB	tceS	2
Vanille, Cheerful l'Cie	BG	gU	3
Sutina, Speaker of the Tajuru	G	ckdN	2
Ukkima, Stalking Shadow	UB	lP	2
Dromoka, the Eternal	WG	cyD	1
Spider-Rex, Daring Dino	G	bDU	1
Sen Triplets	WUB	noWR	2
Sigarda, Heron's Grace	WG	tgyK	2
Omega, Heartless Evolution	UG	ldbRU	2
Raph & Leo, Sibling Rivals	WR	kCPU	2
Spider-UK	W	lrU	2
J. Jonah Jameson	R	akU	1
Saradoc, Master of Buckland	W	tyU	2
Gaddock Teeg	WG	sn	1
Ghired, Mirror of the Wilds	WRG	q	1
Myojin of Roaring Blades	R	bS	2
Cecil, Dark Knight	WB	kKU	3
The Dalek Emperor	BR	txybRU	2
Rankle and Torbran	BR	axkh	3
Garna, the Bloodflame	BR	g	2
Pharika, God of Affliction	BG	tgn	2
Michelangelo, Mutant BFF	G	kCPU	2
Redshift, Rocketeer Chief	RG		2
Hei Bai, Forest Guardian	WUBRG	tenyCSU	3
Trostani Discordant	WG	thN	2
Glissa, the Traitor	BG	gaxSN	2
Jor Kadeen, First Goldwarden	WR	vkbr	2
Nev, the Practical Dean	G	cbWP	2
Kethek, Crucible Goliath	BR	x	3
Anowon, the Ruin Thief	UB	krmyS	2
Thrasta, Tempest's Roar	G	bD	3
Quintorius, Field Historian	WR	tgy	1
Taigam, Ojutai Master	WU	sy	2
Jennifer Walters	WG	bnU	3
Jolene, Plundering Pugilist	RG	axkbp	2
Mm'menon, Uthros Exile	UR	caP	1
Sandman, Shifting Scoundrel	G	gdU	2
Sivriss, Nightmare Speaker	B	gxW	2
Jedit Ojanen of Efrava	G	tC	1
Bright-Palm, Soul Awakener	WRG	cC	2
Ravos, Soultender	WB	tg	3
The Third Doctor	UG	abU	2
The Eleventh Doctor	WU	kU	3
Ob Nixilis of the Black Oath	B	tlxrp	3
Malcator, Purity Overseer	WU	tW	2
Eivor, Wolf-Kissed	WRG	gekbdU	2
Sierra, Nuka's Biggest Fan	W	axkU	3
Galadriel, Gift-Giver	G	cakNU	3
Optimus Prime, Hero	WUR	ckbRU	3
Haliya, Ascendant Cadet	WG	ckr	2
Legolas, Master Archer	G	cNU	2
Sin, Spira's Punishment	UBG	gkdzqbDPU	2
Leatherhead, Iron Gator	G	ckbU	1
Mary Jane Watson	WG	ryU	1
Prossh, Skyraider of Kher	BRG	txD	2
Legolas, Counter of Kills	UG	cxNU	2
Aang and Katara	WUG	tkU	2
Denry Klin, Editor in Chief	WU	C	2
Uglúk of the White Hand	BR	cxU	2
Illuna, Apex of Wishes	URG	bD	2
Empress Galina	U	oP	1
Viconia, Drow Apostate	B	gzN	2
Kataki, War's Wage	W	S	1
Tajic, Blade of the Legion	WR	k	1
Neriv, Crackling Vanguard	WBR	tkSD	3
Baron Strucker, HYDRA Overlord	B	yU	2
Edgar, King of Figaro	U	arU	2
Baru, Wurmspeaker	G	tbyN	2
Kenessos, Priest of Thassa	UG	P	3
Kalamax, the Stormsire	URG	csqD	2
Elrond of the White Council	UG	cnhoNU	3
Rebbec, Architect of Ascension	W	a	1
Ghave, Guru of Spores	WBG	tcxN	2
Groundchuck & Dirtbag	G	bCU	1
Edgar, Master Machinist	WR	gakU	3
Morlun, Devourer of Spiders	B	cSU	2
Heiko Yamazaki, the General	R	gabyK	1
Rex, Cyber-Hound	WU	gkCRU	3
Timothar, Baron of Bats	B	tkyS	3
Runo Stromkirk	UB	gkbqS	3
Ashe, Princess of Dalmasca	W	akU	2
Splinter, Radical Rat	WUB	fyU	2
M.O.D.O.K.	B	RU	2
Molecule Man	C	U	1
Hazoret, Godseeker	R	n	3
Brenard, Ginger Sculptor	WUG	tlxbqy	3
Aphelia, Viper Whisperer	BG	tky	3
Bontu the Glorified	B	lxnp	2
Mirri the Cursed	B	cCS	1
Spider-Gwen, Free Spirit	R	rU	1
Ghost of Ramirez DePietro	U	gkSP	2
Kaza, Roil Chaser	UR	syW	2
Missy	UBR	axrzU	3
Tayam, Luminous Enigma	WBG	gS	2
Hinata, Dawn-Crowned	WUR	bnS	2
Spinneret and Spiderling	R	ckU	2
Koh, the Face Stealer	B	xbSU	3
Neva, Stalked by Nightmares	WB	cge	2
Inquisitor Greyfax	WUB	tnU	2
Rasaad yn Bashir	W	kh	2
Symbiote Spider-Man	UB	cgkU	3
Kaervek, the Spiteful	B	W	1
Piru, the Volatile	WBR	bD	2
Slurrk, All-Ingesting	G	c	2
Norin, Swift Survivalist	R	n	1
Thor, God of Thunder	R	gsvpU	2
Ria Ivor, Bane of Bladehold	WB	tniK	3
Donal, Herald of Wings	U	qW	2
Gorbag of Minas Morgul	B	akryU	2
Imoen, Mystic Trickster	U	rhW	2
Saheeli, the Gifted	UR	taq	3
Myojin of Blooming Dawn	W	tS	2
Trostani, Three Whispers	WG	vN	2
Zimone and Dina	UBG	lxdrpN	3
Sokka, Bold Boomeranger	UR	crU	2
Leonardo, Cutting Edge	W	clCPU	2
Otrimi, the Ever-Playful	UBG	gkbS	2
Rashmi and Ragavan	URG	aoCN	3
Obosh, the Preypiercer	BR	dS	2
Grakmaw, Skyclave Ravager	BG	tcxSD	3
Tolsimir, Friend to Wolves	WG	tlbyN	2
Akiri, Line-Slinger	WR	a	2
Garth One-Eye	WUBRG	qW	2
Quintorius, History Chaser	WR	tgvry	3
Mishra, Eminent One	UBR	aq	3
Lavinia of the Tenth	WU		1
Saheeli, Radiant Creator	URG	aq	3
Szarekh, the Silent King	B	akmRU	2
Timin, Youthful Geist	U	S	2
Braulios of Pheres Band	G	drN	2
Black Widow, Agile Avenger	WR	crhU	1
Myrkul, Lord of Bones	WBG	xqb	3
Yosei, the Morning Star	W	nSD	1
The Fourth Doctor	UG	aU	2
Glissa, Herald of Predation	BG	tySN	3
Tameshi, Reality Architect	WU	gerW	3
Isperia, Supreme Judge	WU	krbW	1
Zagras, Thief of Heartbeats	BR	S	3
Krav, the Unredeemed	B	clxrS	2
Grub, Storied Matriarch	BR	tgkqyW	3
Donatello, Gadget Master	U	akqCPU	1
Lluwen, Imperfect Naturalist	BG	tgdN	2
Lavinia, Foil to Conspiracy	WU		2
Daxos of Meletis	WU	lk	3
Fire Lord Ozai	BR	xkoU	3
The Destined Black Mage	B	spWU	2
Ardoz, Cobbler of War	R	t	2
Jaws, Relentless Predator	R	akbpPU	2
Trazyn the Infinite	B	gaRU	2
Selvala, Eager Trailblazer	WG	tN	3
Halana, Kessig Ranger	G		2
Guru Pathik	UG	ceU	3
Jhoira, Ageless Innovator	UR	a	2
Shantotto, Tactician Magician	UR	srWU	2
Lovisa Coldeyes	R	y	1
Volo, Itinerant Scholar	U	rW	3
General Kudro of Drannith	WB	gxbnoy	2
Vial Smasher, Gleeful Grenadier	BR		1
Gwafa Hazid, Profiteer	WU	rn	2
Dragon Cultist	R	t#	2
Mirko Vosk, Mind Drinker	UB	kdS	2
Loot, the Pathfinder	URG	vrp	3
Maralen of the Mornsong	B	rnWN	2
Mathas, Fiend Seeker	WBR	lrS	2
Berta, Wise Extrapolator	UG	tcCN	2
Tolsimir, Midnight's Light	WG	tbyN	2
Barrowin of Clan Undurr	WB	g	2
Indominus Rex, Alpha	UBG	vbrDU	3
Spiders-Man, Heroic Horde	G	tlU	2
Mizzix, Replica Rider	UR	sqW	3
Leader, Super-Genius	U	rU	2
Tymaret, Chosen from Death	B	l	2
Atemsis, All-Seeing	U	rW	2
Caelorna, Coral Tyrant	U	P	1
Rat King, Pale Piper	B	txrU	2
Tariel, Reckoner of Souls	WBR	zoK	2
Tiana, Ship's Caretaker	WR	evK	2
Sensational Spider-Man	WU	krnU	2
Lulu, Loyal Hollyphant	W	cK	2
Elminster	WU	tsr	3
Mavinda, Students' Advocate	W	gsnC	3
Barret Wallace	R	vkU	1
Sakiko, Mother of Summer	G	k	2
Avalanche of Sector 7	R	U	2
Kwende, Pride of Femeref	W	vK	1
Chandra, Fire of Kaladesh	R	p	3
Emil, Vastlands Roamer	G	tcbdN	2
Zhao, the Moon Slayer	R	U	3
Doctor Doom, King of Latveria	UBR	dpyU	2
Bumi, King of Three Trials	G	cgU	3
Lightning, Security Sergeant	R	kU	2
Phabine, Boss's Confidant	WRG	tdrhC	3
Meria, Scholar of Antiquity	RG	aN	2
Tony Stark	UR	avU	3
Alora, Merry Thief	U	k	2
Estinien Varlineau	WB	csrNU	3
Loki, God of Mischief	U	rWU	1
Vela the Night-Clad	UB	pW	2
The Destined White Mage	W	clU	2
Bess, Soul Nourisher	WG	ck	3
Maarika, Brutal Gladiator	BRG	xb	2
Bosh, Iron Golem	R	xbpR	1
Rip, Spawn Hunter	WG	a	3
Tuya Bearclaw	RG	kb	1
Nikya of the Old Ways	RG	snN	1
Overseer of Vault 76	W	cU	3
Lilah, Undefeated Slickshot	UR	s	2
Horobi, Death's Wail	B	S	1
Rocksteady, Mutant Marauder	G	cbU	2
Quickbeam, Upstart Ent	G	byNU	1
Shanna, Sisay's Legacy	WG		1
Willowdusk, Essence Seer	BG	clN	2
Sanwell, Avenger Ace	W	a	3
Hildibrand Manderville	WB	tgU	2
Thantis, the Warweaver	BRG	ck	2
River Song	UR	crU	2
Oskar, Rubbish Reclaimer	UB	gW	2
Prompto Argentum	R	saU	1
Jolrael, Voice of Zhalfir	UG	krN	3
Madame Null, Power Broker	B	cSU	2
Jyoti, Moag Ancient	UG	t	2
Cyan, Vengeful Samurai	W	cgvKU	2
Jadzi, Oracle of Arcavios	UG	sdW	3
Casal, Lurkwood Pathfinder	G	tkbyN	3
Karador, Ghost Chieftain	WBG	gSN	2
Hogaak, Arisen Necropolis	BG	gb	3
Ozox, the Clattering King	B	tgnS	2
Obzedat, Ghost Council	WB	lfpS	2
Rhoda, Geist Avenger	W	c	2
Bebop, Skull & Crossbones	B	krCU	2
Goro-Goro and Satoru	UBR	tk	2
Professor Zei, Anthropologist	UR	gsrU	2
Iroh, Tea Master	WR	tcaoU	3
Ultron, Unlimited	UB	tkRU	2
Lord Jyscal Guado	W	SU	1
Obuun, Mul Daya Ancestor	WRG	cbdSN	3
Saskia the Unyielding	WBRG	k	2
Zurgo Helmsmasher	WBR	cxb	3
Zareth San, the Trickster	UB	koyP	3
Seifer Almasy	R	gsvkKU	3
Rafiq of the Many	WUG	vkK	1
Rukarumel, Biologist	WUBRG	tyW	3
Kurbis, Harvest Celebrant	G	cN	2
Safana, Calimport Cutthroat	B	ah	2
King Macar, the Gold-Cursed	B	an	1
Roalesk, Apex Hybrid	UG	cb	2
Akawalli, the Seething Tower	BG	gbN	3
Ignis Scientia	UG	gadU	3
Bruna, Light of Alabaster	WU	gevkK	2
Hidetsugu, Devouring Chaos	BR	xpS	2
Arni Metalbrow	R	k	2
Gylwain, Casting Director	WG	evW	3
Aloy, Savior of Meridian	UG	akbU	2
Olivia, Mobilized for War	BR	cSK	2
Tivash, Gloom Summoner	B	tlW	2
Taskmaster, Mercenary Mimic	UB	gqU	3
Splinter, Hamato Yoshi	B	U	2
Tetzimoc, Primal Death	B	nbD	2
Polukranos, World Eater	G	D	2
Experiment Kraj	UG	c	1
Kolodin, Triumph Caster	WR	ay	2
Niv-Mizzet, Guildpact	WUBRG	lkrpbD	3
Cass, Hand of Vengeance	WR	gevU	3
Millicent, Restless Revenant	WU	tkyS	2
Alpharael, Stonechosen	B	kz	2
Farid, Enterprising Salvager	R	caxrh	3
Evra, Halcyon Witness	W		1
Eshki Dragonclaw	URG	csbr	2
Haldan, Avid Arcanist	U	sW	2
Syr Gwyn, Hero of Ashvale	WBR	vrK	2
Armaggon, Future Shark	B	bSPU	1
The Fifth Doctor	WU	cU	2
Bruce Banner	URG	ckbrU	3
Teval, Arbiter of Virtue	UBG	gpbSD	2
Vrondiss, Rage of Ancients	RG	tzD	2
Jeong Jeong, the Deserter	R	cqU	2
Faramir, Field Commander	W	trU	2
Nick Valentine, Private Eye	U	aRU	2
Jareth, Leonine Titan	W	CD	1
The Queen of Dale	W	sU	1
Ulrich of the Krallenhorde	RG	byS	3
Kianne, Corrupted Memory	UG	csr	2
The Beast, Deathless Prince	BR	robSU	3
Anya, Merciless Angel	WR	K	2
Icingdeath, Frost Tyrant	W	vnD	2
Donna Noble	R	U	2
Sengir, the Dark Baron	B	clxS	3
Legate Lanius, Caesar's Ace	BR	cxnU	2
Alrund, God of the Cosmos	U	ky	3
Mai and Zuko	UBR	ayU	1
Spider-Man, Web-Slinger	W	U	1
Wasitora, Nekoru Queen	BRG	txkbCD	2
Tomik, Distinguished Advokist	W	d	2
Duskana, the Rage Mother	WRG	krC	2
Karai, Future of the Foot	WB	gkU	2
Lonis, Genetics Expert	UG	cxN	2
Loot, the Key to Everything	URG		2
The Seventh Doctor	WU	akU	3
Prowl, Stoic Strategist	W	cakrRU	3
Araumi of the Dead Tide	UB	gWP	2
Lizard, Connors's Curse	G	bCU	2
Sauron, the Lidless Eye	BR	tpoSU	2
Arcade Gannon	WU	gryU	2
Yennett, Cryptic Sovereign	WUB	krW	2
Ich-Tekik, Salvage Splicer	G	tcy	2
Muddle, the Ever-Changing	UR	tskqC	2
Durnan of the Yawning Portal	G		3
Sephiroth, Planet's Heir	UB	cxU	2
Michelangelo, Improviser	G	kdCPU	2
Zahur, Glory's Past	WB	tgxCS	2
Norika Yamazaki, the Poet	W	geyK	1
Galadriel, Elven-Queen	UG	crhNU	3
Patron of the Moon	U	dS	2
Lluwen, Exchange Student // Pest Friend	BG	tglN	2
Akul the Unrepentant	BR	xbD	2
Iron Monger, Sadistic Tycoon	B	cyRU	1
Ian Malcolm, Chaotician	UR	U	2
April O'Neil, Live on the Scene	U	yU	1
Locke Cole	UB	krU	1
Egon, God of Death	B	grb	3
Slogurk, the Overslime	UG	cgbd	3
Spider-Byte, Web Warden	U	U	1
Interceptor, Shadow's Hound	B	gkyCU	2
Myojin of Life's Web	G	bS	2
Grenzo, Dungeon Warden	BR	c	2
Ultimecia, Time Sorceress	UB	gkWU	3
Sarulf, Realm Eater	BG	c	3
Kyodai, Soul of Kamigawa	WUBRG	SD	3
Melira, Sylvok Outcast	G	i	2
Zndrsplt, Eye of Wisdom	U	rz	2
Intet, the Dreamer	URG	kbD	3
Leonardo da Vinci	U	garqyU	3
Aragorn, Company Leader	WG	U	3
Verrak, Warped Sengir	WB	qS	2
Shiko, Paragon of the Way	WUR	gnqSD	2
Umori, the Collector	BG	y	2
Magar of the Magic Strings	BR	gskq	3
Commander Sofia Daguerre	W	aU	2
Greasefang, Okiba Boss	WB	ga	2
Zaffai, Thunder Conductor	UR	tsz	3
Zethi, Arcane Blademaster	WU	gkq	3
Genku, Future Shaper	WU	tcW	3
Kros, Defense Contractor	WUG	bhC	2
Estrid, the Masked	WUG	gev	3
Cult of Skaro	UBR	tcakrzpRU	3
Ashnod, Flesh Mechanist	B	tgaxk	2
Gerrard, Weatherlight Hero	WR	g	2
Blim, Comedic Genius	BR	kS	2
Raphael, Tag Team Tough	R	kCPU	2
Ixidor, Reality Sculptor	U	W	1
Gandalf, White Rider	W	tWU	2
Deathleaper, Terror Weapon	RG	vU	2
Ghost-Spider, Gwen Stacy	R	kU	1
Bohn, Beguiling Balladeer	UR	hW	2
Kemba, Kha Enduring	W	tvyC	2
Storvald, Frost Giant Jarl	WUG	kbD	3
Tippy-Toe, Terrific Partner	G	arCU	2
Clan Crafter	U	cxr#	1
Kytheon, Hero of Akros	W		3
Marchesa, Dealer of Death	UBR		2
Wernog, Rider's Chaplain	WB	fh	2
Kang, Temporal Tyrant	UB	lkrpU	1
Eloise, Nephalia Sleuth	UB	gx	1
Erestor of the Council	UG	arhNU	2
Elder Owyn Lyons	WU	gaKU	1
Silver Sable, Mercenary Leader	W	ckU	2
Shaile, Dean of Radiance	WB	cxrC	3
Unesh, Criosphinx Sovereign	U	yW	2
Rootha, Mastering the Moment	UR	tsW	2
Skanos Dragonheart	G	gkbyD	2
Gorex, the Tombshell	B	gkzCSP	3
Myojin of Towering Might	G	cbS	2
Nadier, Agent of the Duskenel	B	tcN	2
Borborygmos Enraged	RG	kbdp	2
Slobad, Iron Goblin	R	ax	2
Scorpion, Seething Striker	B	U	1
Nin, the Pain Artist	UR	rW	1
Commander Mustard	WR	byU	2
Ascendant Evincar	B	S	2
Butch DeLoria, Tunnel Snake	B	kyU	2
Doctor Doom	B	trU	2
Firesong and Sunspeaker	WR	sl	2
Masako the Humorless	W		1
Zimone, All-Questioning	UG	tcW	2
Iron Man, Bleeding Edge	U	aqRU	1
Excava, the Risen Past	WR	gekCS	3
Arachne, Psionic Weaver	W	nyU	2
Rhys, the Evermore	W	N	2
Raphael, Tough Turtle	R	CPU	1
Fang, Roku's Companion	R	kDU	3
Sabin, Master Monk	R	gvU	2
Krang, Master Mind	U	arRU	2
Jacob Hauken, Inspector	U	r	3
Mysterio, Master of Illusion	U	tyU	2
Megatron, Tyrant	WBR	xknbRU	3
Senator Peacock	U	axrU	2
Extus, Oriq Overlord	WBR	tgsvxnpW	3
Old Man Willow	BG	xkdNU	2
Myojin of Grim Betrayal	B	S	2
Narfi, Betrayer King	UB	tgySW	1
Vadrik, Astral Archmage	UR	csW	2
Spider-Man, Peter Parker	W	clU	1
Kitt Kanto, Mayhem Diva	WRG	tbhCWN	3
Ashling the Pilgrim	R	c	2
Molimo, Maro-Sorcerer	G	bdW	1
Codie, Vociferous Codex	WUBRG	snR	3
Cid, Timeless Artificer	WU	gyU	2
Professor Hulk	U	kbrU	1
Three Dog, Galaxy News DJ	WR	evxkqWU	2
Spider-Man 2099, Miguel O'Hara	U	krU	2
Amareth, the Lustrous	WUG	bD	2
Anhelo, the Painter	UBR	sxS	1
Emmara Tandris	WG	tN	1
Ty Lee, Artful Acrobat	R	sknU	1
Depala, Pilot Exemplar	WR	ay	3
Karn, Silver Golem	C	aR	2
Jasmine Boreal of the Seven	WG	N	2
Leori, Sparktouched Hunter	WUR	kqC	2
Goldbug, Humanity's Ally	WU	kryRU	3
Saruman of Many Colors	WUB	gnmoWU	3
Slinza, the Spiked Stampede	RG	cby	3
Myojin of Night's Reach	B	S	2
Polukranos, Unchained	BG	cgbSD	3
Gahiji, Honored One	WRG	k	1
Miles "Tails" Prower	WU	arCU	2
Venom, Evil Unleashed	B	cgU	2
Garland, Knight of Cornelia	BR	gsKU	3
Caradora, Heart of Alacria	WG	caK	2
Drana, Kalastria Bloodchief	B	S	1
Adeliz, the Cinder Wind	UR	syW	1
Sylvia Brightspear	W	vK	2
The Eighth Doctor	WU	gU	3
Bjorna, Nightfall Alchemist	UR	xh	1
Veteran Soldier	W	t#	2
Torgaar, Famine Incarnate	B	xb	2
Eligeth, Crossroads Augur	U	rW	2
Yarus, Roar of the Old Gods	RG	xkrN	3
Ranar the Ever-Watchful	WU	tS	3
Sigarda, Champion of Light	WG	kbyK	3
Zabaz, the Glimmerwasp	WR	canR	3
Plargg, Dean of Chaos	WR	tkr	3
The Sentry, Golden Guardian	W	thU	2
Agrus Kos, Spirit of Justice	WR	vkS	2
Jetfire, Ingenious Scientist	U	caRU	3
Wort, Boggart Auntie	BR	gy	1
Sun-Spider, Nimble Webber	WU	evU	2
Flash Thompson, Spider-Fan	W	nU	3
Izoni, Center of the Web	BG	tglkrN	2
The Beamtown Bullies	BRG	ghS	2
Lorcan, Warlock Collector	B	ybS	3
King of the Oathbreakers	WB	tySU	2
Witch-king, Sky Scourge	BR	kSU	2
Captain America, Super-Soldier	W	U	2
Momir Vig, Simic Visionary	UG	WN	3
Silas Renn, Seeker Adept	UB	gakR	2
Agrus Kos, Eternal Soldier	WR	qS	2
Mortarion, Daemon Primarch	B	tSU	2
Auntie Blyte, Bad Influence	R	cpS	2
Kadena, Slinking Sorcerer	UBG	rW	2
Kirri, Talented Sprout	WRG	gdyN	2
Master Pakku	U	gsmU	1
Owen Grady, Raptor Trainer	RG	bU	2
Ironheart, Clever Champion	U	saRU	2
Narset, Jeskai Waymaster	WUR	r	1
Mikey & Don, Party Planners	UG	cyCPU	2
Riku of Two Reflections	URG	sqW	2
Tegan Jovanka	W	kU	2
Jugan, the Rising Star	G	cSD	1
Alistair, the Brigadier	WUG	tkU	2
Akal Pakal, First Among Equals	U		2
Ghired, Conclave Exile	WRG	tkb	2
Doc Samson, Super Psychiatrist	G	U	2
Loki, the Deceiver	UBR	krqyWU	3
Caparocti Sunborn	WR	kz	1
Agent Phil Coulson	W	cyU	1
The Master, Gallifrey's End	BR	axqU	2
Hydro-Man, Fluid Felon	U	U	2
Kaseto, Orochi Archmage	UG	W	1
The Destined Thief	U	rU	3
Kid Loki	U	crU	2
Sygg, Wanderwine Wisdom	WU	krWP	3
Ellie, Brick Master	R	tU	2
Rashel, Fist of Torm	W	evK	1
Laurine, the Diversion	R	xh	2
Djeru, With Eyes Open	W		2
Evin, Waterdeep Opportunist	B	ax	3
Lynde, Cheerful Tormentor	UBR	vrW	3
Najal, the Storm Runner	UR	skqW	2
The Scarlet Witch	R	sWU	1
Cait, Cage Brawler	RG	ckrU	2
Cecily, Haunted Mage	UBR	skrW	2
Atris, Oracle of Half-Truths	UB		2
The Duke, Rebel Sentry	W	cU	2
Geist of Saint Traft	WU	tkS	2
Venom, Eddie Brock	B	cxrbU	1
Aang, Air Nomad	W	U	2
Venser, Corpse Puppet	UB	tcaiSW	3
Rosheen Meanderer	RG	D	1
Urza, Powerstone Prodigy	U	ar	2
Tatsunari, Toad Rider	UBG	telpy	3
Melek, Reforged Researcher	UR	gs	2
Setzer, Wandering Gambler	BR	takzU	2
Red Hulk	R	cbU	2
Tesak, Judith's Hellhound	R	kyC	3
Aegar, the Freezing Flame	UR	rDW	2
Exdeath, Void Warlock	BG	glbSWU	3
Jirina Kudro	WBR	ty	2
Asmoranomardicadaistinaculdacar	BR	xW	3
Augusta, Order Returned	W	cgkS	2
Hawkeye, Young Avenger	R	U	2
Ezio, Brash Novice	WR	ckU	2
Nicol Bolas	UBR	bD	2
Kydele, Chosen of Kruphix	UG	W	1
Galea, Kindler of Hope	WUG	evNK	2
Vislor Turlough	B	rpoU	3
Rosnakht, Heir of Rohgahh	R	t	1
G'raha Tia	W	axrCU	2
Heidegger, Shinra Executive	W	tyU	3
Taeko, the Patient Avalanche	UB	cxkCP	2
Spider-Girl, Legacy Hero	WG	tU	1
Syr Vondam, the Lucent	WB	tkK	1
The Lion-Turtle	UG	glnCDPU	3
Agent Bishop, Man in Black	W	cU	1
Tokka & Rahzar, Unsupervised	R	caCPU	2
Kellan, Planar Trailblazer	R	vk	3
Lutri, the Spellchaser	UR	sqC	2
Cyclonus, the Saboteur	UB	kRU	3
Tadeas, Juniper Ascendant	WG	kr	3
Madame Web, Clairvoyant	U	skyU	2
Tam, Observant Sequencer // Deep Sight	UG	ldrW	1
Johann, Apprentice Sorcerer	UR	sW	2
Will Kenrith	U	srq	3
Alquist Proft, Master Sleuth	WU	lxr	2
Oyobi, Who Split the Heavens	W	tS	1
Butterbur, Bree Innkeeper	WG	aU	1
Sophia, Dogged Detective	WUG	tcaxkby	3
The First Doctor	WU	czU	2
Ib Halfheart, Goblin Tactician	R	txy	2
Cynette, Jelly Drover	U	tW	1
Scarlet Spider, Kaine	BR	cU	2
Venom, Deadly Devourer	BG	cgnU	2
Gregor, Shrewd Magistrate	WU	kr	1
Ryan Sinclair	R	U	3
Myojin of Seeing Winds	U	rS	2
Shadowfax, Lord of Horses	WR	kyCU	2
Namor the Sub-Mariner	U	tsyPU	2
Captain Vargus Wrath	UR	kyP	2
Lucy MacLean, Positively Armed	W	rqU	2
Giott, King of the Dwarves	WR	vryU	2
Queen Kayla bin-Kroog	WR	r	3
Criminal Past	B	g#	1
Pia Nalaar, Chief Mechanic	URG	tak	3
Preston Garvey, Minuteman	WRG	evkU	3
Swarm, Being of Bees	B	U	2
Moonstone, Harsh Mistress	B	gU	2
Themberchaud	R	kbyD	2
Ulasht, the Hate Seed	RG	tcD	3
Basri, Tomorrow's Champion	W	tkyK	2
Basandra, Battle Seraph	WR	nK	2
Tempestra, Dame of Games	R	xqU	2
Garland, Royal Kidnapper	UB	hoKU	2
Umaro, Raging Yeti	R	tbrzpU	3
Reno and Rude	B	xkU	2
Wraith, Vicious Vigilante	WU	vU	1
Ellyn Harbreeze, Busybody	W		2
Jorn, God of Winter	UBG	gk	2
Wort, the Raidmother	RG	ts	2
Seymour Flux	B	crSU	1
Gandalf, Westward Voyager	UG	sbrqWU	3
Doc Ock, Sinister Scientist	U	gU	2
Tidus, Blitzball Star	WU	caknU	2
The Ghoul, Gunslinger	B	amySU	2
Toshiro Umezawa	B	gxK	2
Nath of the Gilt-Leaf	BG	tzN	2
Riku of Many Paths	URG	tcbW	3
Miriam, Herd Whisperer	WG	caN	2
Hansk, Slayer Zealot	RG	rh	2
Falcon and Redwing	W	tckCU	2
Sedris, the Traitor King	UBR	gS	1
Elmar, Ulvenwald Informant	RG		2
Street Urchin	R	xp#	1
Ian Chesterton	W	eU	1
Zuko, Conflicted	BR	crU	3
Lazav, Familiar Stranger	UB	cgq	2
Varolz, the Scar-Striped	BG	gx	2
Tui and La, Moon and Ocean	U	crSPU	1
Ares, God of War	BR	kU	1
Belisarius Cawl	WU	taRU	3
The Master, Mesmerist	UB	crhU	2
Mathise, Surge Channeler	U	srhzqWN	3
Samut, the Driving Force	WRG	s	3
April O'Neil, Human Element	U	sU	1
She-Hulk, Wallbreaker	R	cbyU	2
Zevlor, Elturel Exile	UBR	sq	3
War Machine, Avenging Arsenal	R	vkRU	1
Flamewar, Brash Veteran	BR	cxkRU	3
The Squadron Sinister	UR	yU	2
Rufus Shinra	WB	tkU	2
Aziza, Mage Tower Captain	WR	sqW	2
Alaundo the Seer	UG	r	3
Jet, Rebel Leader	W	kU	2
Karvanista, Loyal Lupari	G	ckbyCU	2
Kinzu of the Bleak Coven	B	xiqS	2
Wilfred Mott	W	U	3
Nikara, Lair Scavenger	B	r	2
Ashad, the Lone Cyberman	UBR	caxRU	2
Psemilla, Meletian Poet	W	teW	2
Shriek, Treblemaker	BR	xnU	2
Puppet Master, String Puller	R	aknhU	2
Krang & Shredder	UB	kbU	3
Madame Hydra	BR	tyU	1
Zaffai and the Tempests	UR	sW	1
Storrev, Devkarin Lich	BG	gkbSWN	2
Scarlet Witch, Chaotic Avenger	UR	skWU	2
Morbius the Living Vampire	UB	gSU	2
Clara Oswald	C	fyU	2
Galactus, Devourer of Worlds	C	bnDU	2
Belladonna Took	W	clrU	2
Iron Man, Master of Machines	UR	akrRU	2
Iron Lad, Diverging Destiny	U	arRU	2
Rulik Mons, Warren Chief	RG	tkd	2
Far Fortune, End Boss	BR	kp	2
The Rani	UBR	evkU	3
Malik, Grim Manipulator	WBR	ax	2
Sami, Ship's Engineer	WR	t	2
Captain America, Team Leader	WUR	cyU	2
Numa, Joraga Chieftain	G	cN	2
The Mighty Thor, Jane Foster	WU	vkrfU	2
Osgood, Operation Double	U	aqU	3
Trystan, Callous Cultivator	BG	glpyN	3
Attuma, Atlantean Warlord	U	kryPU	1
Katara, Heroic Healer	W	cU	1
Thurid, Mare of Destiny	W	qy	2
Inquisitor Eisenhorn	UB	tskU	3
Nyssa of Traken	U	xkrU	2
Mangara of Corondor	W	W	1
Echo, Perceptive Prodigy	U	qU	2
Halsin, Emerald Archdruid	G	N	2
Eutropia the Twice-Favored	UG	ceW	2
Loki, Lord of Misrule	U	qWU	2
Vadrok, Apex of Thunder	WUR	gCD	2
The Astonishing Ant-Man	UG	tcrU	2
Mai, Jaded Edge	R	svU	1
Rona, Sheoldred's Faithful	UB	gspW	2
The Swarmlord	URG	cxrU	2
Mishra, Excavation Prodigy	R	ar	2
The Destined Warrior	WUB	tyU	3
Captain America, Wings of Freedom	W	kyU	2
Rootha, Mercurial Artist	UR	sq	1
Stitcher Geralf	U	tmW	2
Nazahn, Revered Bladesmith	WG	vnC	3
Niv-Mizzet, Supreme	WUBRG	gsD	1
Muzzio, Visionary Architect	U	a	2
Dynaheir, Invoker Adept	WUR	qW	3
Torsten, Founder of Benalia	WG	tdb	3
Peri Brown	W	U	1
Ashnod the Uncaring	UBR	q	2
Sally Pride, Lioness Leader	W	tckCU	2
Arjun, the Shifting Flame	UR	rW	1
Radagast, Wizard of Wilds	UG	tbyWU	3
Baron Helmut Zemo	B	gqU	3
Uril, the Miststalker	WRG	ev	1
Amy Pond	R	kU	2
Valeria Richards, Precocious	U	srU	1
Azor, the Lawbringer	WU	slkrnbW	2
Raff, Weatherlight Stalwart	WU	tsrW	2
Aradesh, the Founder	W	vkrU	2
Rhino, Barreling Brute	RG	kbrU	1
Rowan Kenrith	R	q	3
Xira, the Golden Sting	BRG	tkr	2
Ormos, Archive Keeper	U	crW	2
Crystal, Inhuman Princess	WURG	spU	2
Brigid, Hero of Kinsbaile	W		1
Keskit, the Flesh Sculptor	B	x	2
Vrestin, Menoptra Leader	WG	tckU	3
Volrath, the Shapestealer	UBG	qb	2
Zuko, Avatar Hunter	R	tU	1
Director Nick Fury	WUR	kyU	2
Kestia, the Cultivator	WUG	vrN	2
Jerren, Corrupted Bishop	B	txbry	3
Oroku Saki, Shredder Rising	B	krU	1
The Serpent Society	BG	xniU	2
Azula, Ruthless Firebender	B	ckU	2
The Vision and Scarlet Witch	R	cRU	1
Landroval, Horizon Witness	W	kCU	1
Donatello, Mutant Mechanic	U	caCPU	3
Doctor Doom, Unrivaled	B	rWU	1
Kangee, Aerie Keeper	WU	CW	3
Orah, Skyclave Hierophant	WB	gy	2
Risona, Asari Commander	WR	kK	2
Shizuko, Caller of Autumn	G		1
Patron of the Orochi	G	bS	1
Loran, Disciple of History	W	ga	1
Molten Man, Inferno Incarnate	R	xyU	2
Pia Nalaar	R	txn	2
Silvar, Devourer of the Free	BR	cxCS	2
Roon of the Hidden Realm	WUG	bf	2
Karona, False God	WUBRG	ky	2
Gandalf of the Secret Fire	WUR	sWU	2
Kasla, the Broken Halo	WUR	rK	2
Crosis, the Purger	UBR	kbD	2
Shu Yun, the Silent Tempest	WUR	sv	1
Shang-Chi and the Ten Rings	WU	clrU	2
Visara the Dreadful	B	n	1
Rigo, Streetwise Mentor	WUG	krC	2
Arcee, Sharpshooter	WR	caRU	3
Lazav, Wearer of Faces	UB	gxkq	2
Hokori, Dust Drinker	W	S	1
Ashling, the Extinguisher	B	k	1
Ludevic, Necro-Alchemist	UR	rW	1
Gor Muldrak, Amphinologist	UG	t	2
Polukranos Reborn	WG	tyD	3
Leatherhead, Swamp Stalker	G	kbnU	2
Donatello, Way with Machines	U	caCPU	1
Vogar, Necropolis Tyrant	B	cxrSD	2
Bane, Lord of Darkness	WUB	xrh	3
Princess Yue	U	U	2
Rosheen, Roaring Prophet	RG	D	3
Snapdax, Apex of the Hunt	WBR	vlCSD	2
Blaster, Combat DJ	RG	caRU	3
Tana, the Bloodsower	RG	tkbN	2
Saint Traft and Rem Karolus	WUR	tS	3
Sigrid, God-Favored	W		2
Pol Jamaar, Illusionist	U	ryW	1
Smaug, Wicked Worm	BR	arDU	2
Living Laser	R	kqU	2
Invisible Woman, Sue Storm	W	tcU	2
Niambi, Esteemed Speaker	WU	lr	2
Graham O'Brien	G	aU	1
Winter Soldier, Reborn Avenger	W	cgkU	2
Syr Elenora, the Discerning	U	rnK	2
Sarevok, Deathbringer	B	K	2
Lagrella, the Magpie	WUG	c	2
Uyo, Silent Prophet	U	sdqW	2
Thelon of Havenwood	BG	gyN	2
Sundial, Dawn Tyrant	W	R	1
Feather, Radiant Arbiter	WR	sqK	3
Merieke Ri Berit	WUB	no	2
Orca, Siege Demon	BR	cxbS	2
Monoxa, Midway Manager	BR	zS	2
Syr Carah, the Bold	R	spK	2
Mona Lisa, Ever Adaptable	G	CU	1
Sally Sparrow	WU	U	2
Vhal, Candlekeep Researcher	U	W	2
General Tazri	WUBRG	y	2
H.E.R.B.I.E., Lovable Robot	C	gsRU	3
Long Feng, Grand Secretariat	BG	cU	2
Typhoid Mary, Fractured	BR	alkrzpU	3
Kellan, Daring Traveler	WG	ak	3
Gavi, Nest Warden	WUR	tr	2
Beluna Grandsquall	URG	gbD	2
Jared Carthalion, True Heir	WRG	ch	2
Ezrim, Agency Chief	WU	xK	2
Daredevil, Man Without Fear	WR	kyU	2
Zeriam, Golden Wind	W	tky	1
Jeleva, Nephalia's Scourge	UBR	skSW	3
Radagast of Rhosgobel	G	WU	1
Leonardo, Sewer Samurai	W	gvCPKU	2
Nico Minoru, Runaway	R	pWU	2
Bosco, Just a Bear	G	caxbCU	2
Frodo, Determined Hero	W	vkU	2
Ant-Man, Elusive Avenger	UR	akU	2
Damia, Sage of Stone	UBG	rnW	2
Hua Tuo, Honored Physician	G	g	1
Oviya Pashiri, Sage Lifecrafter	G	t	2
Red Ghost, Intangible Genius	UR	trU	2
Jalira, Master Polymorphist	U	xW	2
Shredder, Unrelenting	B	kbU	2
Vulture, Scheming Scavenger	UB	kyU	1
Rinoa Heartilly	WG	tkWU	2
Drizzt Do'Urden	WG	tcvxbN	2
Imaryll, Elfhame Elite	G	kyN	2
Taniwha	U	bdP	2
Anafenza, the Foremost	WBG	ck	2
Human Torch, Johnny Storm	R	crU	2
Kraven the Hunter	BG	cxbrU	2
Duggan, Private Detective	UG	kU	3
Soundwave, Sonic Spy	WUB	tgskqRU	3
Malfegor	BR	xnbSD	1
Edea, Possessed Sorceress	UBR	xrfoWU	3
Sokka, Swordmaster	W	vyU	2
Ellie and Alan, Paleontologists	WUG	gU	1
Mimeoplasm, Revered One	UBG	cgq	2
Devil Dinosaur	G	byDU	1
Rory Williams	WU	U	2
Jarvis, Earth's Mightiest Butler	U	ryU	1
Noctis, Heir Apparent	WUB	vfU	3
Maeve, Insidious Singer	U	rhP	1
Wan Shi Tong, All-Knowing	U	tnyCSU	3
June, Bounty Hunter	B	axU	2
Monica Rambeau	WR	csU	3
Lagorin, Soul of Alacria	WG	cak	2
Thrun, the Last Troll	G		2
Avacyn, Guardian Angel	W	K	3
Evelyn, the Covetous	UBR	oyS	3
Ultron the Annihilator	B	tapRU	3
Ezekiel Sims, Spider-Totem	G	yU	1
Licia, Sanguine Tribune	WBR	clS	2
Farideh, Devil's Chosen	UR	rzW	2
Gimli, Mournful Avenger	RG	cxbU	3
Kíli the Resourceful	W	vrU	2
Kroxa and Kunoros	WBR	gkbCD	2
Vazi, Keen Negotiator	BRG	carh	3
Isareth the Awakener	B	gW	3
Hardy Outlander	G	#	2
Sydri, Galvanic Genius	WUB	a	2
Kathril, Aspect Warper	WBG	cgvbS	3
The Howling Abomination	RG	bp	2
Savanti Romero, Time's Exile	B	cbrSWU	2
Kosei, Penitent Warlord	G	vrK	2
Mirri, Cat Warrior	G	C	1
Alharu, Solemn Ritualist	W	tcx	2
Don & Leo, Problem Solvers	WU	aCPU	2
Bast, Panther Goddess	WG	kbnCU	2
Council of Reeds	U	sqU	2
Abigale, Poet Laureate // Heroic Stanza	WB	cCW	2
The Fugitive Doctor	RG	gsxkU	2
Ultros, Obnoxious Octopus	U	csnPU	3
Duchess, Wayward Tavernkeep	R	akU	2
Sophina, Spearsage Deserter	WR	k	2
Eriette, the Beguiler	WUB	evoW	2
Harbin, Vanguard Aviator	WU	tk	1
Leonardo, Big Brother	W	CPU	1
Momo, Rambunctious Rascal	W	CU	1
Mazzy, Truesword Paladin	WRG	evbK	2
Glorfindel, Dauntless Rescuer	G	NU	2
Nathan Drake, Treasure Hunter	UBR	koU	3
Kirol, History Buff // Pack a Punch	WR	cgbS	2
Myra the Magnificent	UR	gs	3
The Fourteenth Doctor	WURG	gqyU	3
Varis, Silverymoon Ranger	G	tN	2
Mica, Reader of Ruins	R	sxq	2
Tuktuk the Explorer	R	t	1
Captain Marvel, Apex Avenger	WR	vU	2
Lara Croft, Tomb Raider	URG	gakdU	3
Gorm the Great	G	D	2
Willie Lumpkin, Postman	WU	rnU	2
Greven, Predator Captain	BR	xkrp	2
The Thing, Ben Grimm	G	cbU	1
Hit-Monkey	G	CU	1
Sachi, Daughter of Seshiro	G	ty	1
Tetzin, Gnome Champion	WUR	takbR	3
Moira Brown, Guide Author	WR	vkU	3
Rith, the Awakener	WRG	tkbD	2
Syr Alin, the Lion's Claw	W	tkK	1
Phelddagrif	WUG	tlbrh	2
The Wondrous Wasp	U	U	2
Mayael the Anima	WRG	bN	2
Moira, Urborg Haunt	B	gkSW	2
Balthier and Fran	RG	akCU	2
Tawnos, Solemn Survivor	WUB	gxq	3
The Frightful Four	B	spU	1
Zhao, Ruthless Admiral	BR	txU	1
Rinoa, Angel Wing	W	xkWU	3
Raphael, Ninja Destroyer	R	CPU	2
Linvala, the Preserver	W	tlK	2
Smaug the Impenetrable	BR	abDU	1
Shanna, Purifying Blade	WUG	lr	2
Taranika, Akroan Veteran	W	k	2
Tri-Sentinel, Act of Vengeance	C	gbRU	2
Dorothea, Vengeful Victim	WU	tgvS	3
Bebop & Rocksteady	BG	xkbCU	1
Dennick, Pious Apprentice	WU	g	3
Kate Stewart	WUR	tkU	3
Anep, Vizier of Hazoret	R	kb	2
Thor, Asgard's Avenger	R	U	2
Hazoret the Fervent	R	np	2
Jocasta, Automaton Avenger	C	cgkRU	2
Anax and Cymede	WR	tb	2
Me, the Immortal	URG	gU	3
Thromok the Insatiable	RG	x	1
Llawan, Cephalid Empress	U	nP	2
Jadzi, Steward of Fate // Oracle's Gift	U	tcryW	2
Lieutenant Kirtar	W	kC	1
Bruse Tarl, Roving Rancher	WR	tvkdy	2
Beorn the Fierce	G	bryCU	2
Gimbal, Gremlin Prodigy	URG	tcab	2
Lo and Li, Twin Tutors	B	yU	2
Shaun & Rebecca, Agents	WUG	U	2
Raksha Golden Cub	W	tvyC	1
Yasmin Khan	R	U	1
Genghis Frog	UG	byCU	1
Myojin of Cleansing Fire	W	nS	2
Romana II	W	qU	2
Nevinyrral, Urborg Tyrant	WUB	tnSW	2
Jamie McCrimmon	G	bU	2
Zuko, Seeking Honor	BR	cskU	2
Thorin Oakenshield	WR	bU	2
Photon, Mighty Marvel	R	kU	2
Hurkyl, Master Wizard	U	sW	3
Zurgo Bellstriker	R	kn	1
Konda, Lord of Eiganjo	W	K	1
Moira and Teshar	WB	gCS	2
Xande, Dark Mage	UB	gWU	1
Marath, Will of the Wild	WRG	tcp	3
Denethor, Stone Seer	UR	hpU	1
Jackal, Genius Geneticist	UG	csbqU	2
Snow Villiers	W	U	1
Regna, the Redeemer	W	tK	2
Reed Richards, Smartest Man	U	rU	2
Hurska Sweet-Tooth	WG	alC	2
Seifer, Balamb Rival	BR	khU	2
Nick Fury, Agent of S.H.I.E.L.D.	WUBRG	cavU	3
Ash, Party Crasher	WR	ck	2
Crovax, Ascendant Hero	W		2
Michelangelo, On the Scene	G	cbCPU	2
Stangg, Echo Warrior	RG	tevkq	3
Amarant Coral	RG	bU	2
Tahngarth, First Mate	RG	o	3
The Fifteenth Doctor	UR	akU	2
Nardole, Resourceful Cyborg	U	sRU	2
Jurin, Leading the Charge	R	k	2
Barktooth Warbeard	BR	b	1
Winter, Cursed Rider	UB	gaW	2
Bhaal, Lord of Murder	BRG	cxh	2
Commander Eesha	W	C	1
Mister Fantastic	WURG	srqU	2
Abby, Merciless Soldier	RG	tU	2
Abomination, World Ravager	R	bU	1
Sokka and Suki	WUR	tvyU	2
Darigaaz Reincarnated	BRG	bD	3
Ultra Magnus, Tactician	WRG	kbRU	3
Super-Adaptoid	C	vkbRU	3
Catti-brie of Mithral Hall	WG	cv	3
Siani, Eye of the Storm	U	k	2
Jenny Flint	UR	cxU	3
Shagrat, Loot Bearer	BR	tvkU	2
Márton Stromgald	R	kK	2
Tazri, Beacon of Unity	WUBRG	y	3
Tura Kennerüd, Skyknight	WU	tsK	1
Ultron, Machine Overlord	C	yRU	1
Ruhan of the Fomori	WUR	zbD	1
Glóin the Mighty	R	U	1
The Wasp, Winsome Avenger	U	knU	3
Amber Gristle O'Maul	R	kr	2
April O'Neil, Kunoichi Trainee	W	U	1
Bard, King of Dale	WU	rU	2
Jo Grant	W	cU	2
Black Widow, Super Spy	B	ckU	3
Crossbones, Malicious Mercenary	B	cpyU	2
Sensei Golden-Tail	W	CK	2
Thorin, Mountain-king	R	vbU	2
Lucius the Eternal	BR	U	2
Vish Kal, Blood Arbiter	WB	cxS	2
Fíli and Kíli, Joyous	R	evWU	1
MJ, Rising Star	W	clU	1
Glissa Sunseeker	G	nN	1
Killmonger, Ruthless Usurper	R	axkbU	2
Ennis, Debate Moderator	W	cf	3
Suki, Kyoshi Captain	W	vyU	1
Pizza Face, Gastromancer	BG	calRU	3
Quicksilver, Brash Blur	R	cvU	2
Ian the Reckless	R	kU	1
Syr Faren, the Hengehammer	G	kK	1
Ellie, Vengeful Hunter	BR	xU	2
Iroh, Firebending Instructor	R	kU	1
Thor Odinson	WR	sU	1
The Great Goblin	BR	U	2
Everett K. Ross, Hapless Attaché	W	trU	1
Kratos, Stoic Father	WR	ckU	2
Matt Murdock, Justice Seeker	W	cU	2
Living Brain, Mechanical Marvel	C	avRU	2
The Most Dangerous Gamer	BG	ckn	3
Uchbenbak, the Great Mistake	UB	gbS	2
Sek'Kuar, Deathkeeper	BRG	tx	1
Shattergang Brothers	BRG	x	2
Perrie, the Pulverizer	WUG	kb	2
Franklin Richards, Ascendant	R	szbU	1
Storm, Windrider	WG	nU	2
Captain Ripley Vance	R	cpP	1
Migloz, Maze Crusher	RG	n	3
Gandalf, Goblins' Bane	R	spWU	2
Kang Prime	UB	kU	2
Kalitas, Bloodchief of Ghet	B	tnS	2
Hawkeye, Trick Shot	R	pyU	2
Éomer of the Riddermark	R	tbKU	2
Aisha of Sparks and Smoke	WR	s	2
Othelm, Sigardian Outcast	WG	g	2
Minsc, Beloved Ranger	WRG	tb	2
Bifur, Melodic Rider	WR	ckfyWU	2
Strider, Ranger of the North	RG	bdU	2
Rescue, Pepper Potts	U	cRU	2
Neheb, the Worthy	BR	ky	3
Grendel, Spawn of Knull	B	DU	1
Toluz, Clever Conductor	WUB	g	2
Arni Brokenbrow	R	b	1
Thranduil, the Elvenking	UBG	gryNU	2
Doctor Strange, Surgeon	W	tlU	2
The Face of Boe	WUR	U	2
Korlash, Heir to Blackblade	B	S	2
Hawkeye, Master Marksman	R	rnU	3
Thorin, King of Durin's Folk	WR	ayU	2
Page, Loose Leaf	C	sR	2
Desdemona, Freedom's Edge	WR	gkU	2
Uvilda, Dean of Perfection	UR	csoW	3
Heidar, Rimewind Master	U	nW	1
Dáin, Lord of the Iron Hills	W	nU	2
Venus, Torn Between Worlds	UG	ckrCPU	2
Sosuke, Son of Seshiro	G	ty	2
Rakdos the Defiler	BR	kbyS	2
Parnesse, the Subtle Brush	UBR	shqSW	3
Wolverine, Fierce Fighter	RG	bU	2
Dáin Ironfoot	R	vkU	3
The Masters of Evil	B	yU	2
Misty Knight, Hero for Hire	R	rU	1
Storm, Queen of Wakanda	WG	kU	2
T'Challa, the Black Panther	WG	cakU	2
Ms. Marvel, Kamala Khan	U	rU	2
Fíli the Pathfinder	W	tyU	2
Kaust, Eyes of the Glade	WRG	krN	2
Neyam Shai Murad	WB	gkU	3
Nazar, the Velvet Fang	B	lkrSW	2
Nihiloor	WUB	lkoS	3
Dwalin, Weaponmaster	WR	vkU	1
The Thing	WURG	cskbU	3
Tawnos, Urza's Apprentice	UR	q	2
Bilbo, Thief in the Night	U	gskU	2
Infernal Kirin	B	S	1
Bell Borca, Spectral Sergeant	WR	S	2
Taigam, Sidisi's Hand	UB	gnW	2
Hei Bai, Spirit of Balance	WB	cxkCSU	2
Iron Lad, Young Avenger	UR	sRU	1
Kiku, Night's Flower	B		1
Tyrox, Saurid Tyrant	R	D	1
Madame Masque	B	trU	1
Hercules, Olympian Hero	W	ckU	2
Gallia of the Endless Dance	RG	krzyN	2
Alicia Masters, Skilled Sculptor	R	sahU	2
Sethron, Hurloon General	BR	ty	2
Trynn, Champion of Freedom	W	t	2
Chromium, the Mutable	WUB	bD	3
Jaya Ballard, Task Mage	R	np	3
Khorvath Brightflame	R	D	2
The Sackville-Bagginses	B	axrpU	2
Appa, Aang's Companion	W	kU	1
Bofur, Reliable Guardian	W	U	1
Kingpin, Wilson Fisk	B	axU	1
Lockjaw, Slobbering Teleporter	U	csCU	2
Akim, the Soaring Wind	WUR	tvCD	2
The Celestial Toymaker	WUB	kpU	3
Firebird, Blazing Ranger	R	kU	1
Lu Xun, Scholar General	U	r	1
Hargilde, Kindly Runechanter	WU	a	1
Bilbo, Fellow Conspirator	G	aU	1
Xira Arien	BRG	rW	1
Leonardo, Leader in Blue	W	tCPU	2
Numot, the Devastator	WUR	kbD	1
Rose Tyler	W	kU	2
Captain Marvel, Earth's Protector	W	cU	2
Feldon, Ronom Excavator	R	n	2
Jet, Freedom Fighter	WR	cU	2
Kels, Fight Fixer	UB	xrW	2
Cromat	WUBRG	n	3
Vision, Synthezoid Avenger	C	cRU	3
Night Nurse, Healer of Heroes	W	gU	2
Cloud of Darkness	BG	gU	2
Sita Varma, Masked Racer	UG	c	2
Sasaya, Orochi Ascendant	G	d	2
Exava, Rakdos Blood Witch	BR	c	2
Elrond, Moon-Reader	U	rfNU	3
Hama, the Bloodbender	UB	moWU	3
Gorion, Wise Mentor	WUG	qW	1
Thranduil, Sindarin Liege	UG	tgdyNU	2
Korvold, Gleeful Glutton	BRG	cgkbrD	3
Borborygmos	RG	ckb	1
Invisible Woman	WURG	tskU	3
Melira, the Living Cure	WG	fi	3
Shessra, Death's Whisper	BG	rWN	2
Katilda and Lier	WUG	gsy	2
Squall, Gunblade Duelist	WBR	kU	2
Syrix, Carrier of the Flame	BR	gpy	2
Titania, Proud Pummeler	R	kU	2
Rhuk, Hexgold Nabber	R	vb	2
Yukora, the Prisoner	B	yS	1
Splinter, Aging Champion	W	rU	2
Loki Laufeyson	R	csqWU	2
Takeno, Samurai General	W	yK	1
Balin, Loremaster	R	rpyWU	2
The Archimandrite	WUR	lry	3
Ka-Zar of the Savage Land	G	tcdU	2
Ant-Man, Colony Commander	UG	tckU	2
Tetsuo, Imperial Champion	UBR	svkpK	3
Beetle, Legacy Criminal	U	cgU	2
Nagao, Bound by Honor	W	tkyK	1
Kuro, Pitlord	B	bS	1
Human Torch	WURG	svkU	3
Annie Flash, the Veteran	WRG	g	2
Absorbing Man and Titania	RG	U	1
Kaima, the Fractured Calm	RG	cehS	2
Sisters of Stone Death	BG	nb	2
Myojin of Infinite Rage	R	nbS	2
Iname, Death Aspect	B	yS	1
Nefarox, Overlord of Grixis	B	xkS	2
Hythonia the Cruel	B	ny	2
Opal-Eye, Konda's Yojimbo	W	CK	3
Daredevil, Fearless Fighter	R	kU	2
Hulk, Strongest There Is	G	cbyU	2
Syr Armont, the Redeemer	WG	tevK	2
Kongming, "Sleeping Dragon"	W	t	1
Black Widow, Deadly Hunter	B	krU	1
Homura, Human Ascendant	R	tn	2
Zamriel, Seraph of Steel	W	vK	1
Quicksilver, Speedster	UR	vU	2
Aphemia, the Cacophony	B	tge	2
Iron Man, Modern Marvel	U	takrRU	2
Wydwen, the Biting Gale	UB	W	2
Tazri, Stalwart Survivor	WUBRG	g	3
Viv Vision, Teen Synthezoid	C	ckrRU	2
Leela, Sevateem Warrior	G	crhU	2
Elektra, Daughter of the Hand	B	nU	1
Okoye, Mighty and Adored	WG	cvbhU	2
Yasova Dragonclaw	URG	bo	2
Kitsune, Dragon's Daughter	U	kbCWU	2
Isu the Abominable	WUG	c	2
Vhati il-Dal	BG		1
Shuri, the Black Panther	WG	tkrU	2
Silver Surfer, Galactus's Herald	C	kU	3
Agrus Kos, Wojek Veteran	WR	k	1
Crimson Cowl, Master of Evil	B	tkyU	1
Multani, Maro-Sorcerer	G	W	1
Ori, Plate Stacker	W	lnWU	1
Kurkesh, Onakke Ancient	R	qS	2
Haktos the Unscarred	WR	zb	2
Tomorrow, Azami's Familiar	U	rS	2
Hulk, Gamma Goliath	RG	cbU	2
Thanos, the Mad Titan	WUBRG	cnU	2
Kentaro, the Smiling Cat	W	yK	1
Rassilon, the War President	UB	sU	2
Doc Ock, Evil Inventor	UB	abU	2
Inniaz, the Gale Force	WU	kh	2
Spinnerette, Arachnobat	BG		2
Dori, Bearer of Friends	R	abU	1
Kylox, Visionary Inventor	UR	sxkC	3
Michelangelo, Game Master	G	cCPU	2
Bushmaster, Coiled Henchman	G	cU	1
Lady Loki, Agent of Chaos	R	syWU	3
Sygg, River Guide	WU	yWP	1
The Master of Lake-town	B	rmU	2
April O'Neil, Hacktivist	U	rU	1
Rakka Mar	R	t	1
Stegron the Dinosaur Man	R	DU	2
Shocker, Unshakable	R	U	2
Xiahou Dun, the One-Eyed	B	g	2
Hulk, Brutal Brawler	G	ckU	1
Patron of the Nezumi	B	bS	1
Barrin, Master Wizard	U	xnW	1
Jolrael, Empress of Beasts	G		1
Sanar, Innovative First-Year	UR	W	3
Kagemaro, First to Suffer	B	S	2
He Who Hungers	B	xS	2
Lucky the Pizza Dog	G	cayCU	2
Captain Mar-Vell, Space-Born	W	U	1
M.O.D.O.K., Evil Intellect	B	xrRU	1
Vikya, Scorching Stalwart	WR	rp	2
Kamahl, Pit Fighter	R	pb	1
Captain Rex Nebula	WR	az	3
Ohabi Caleria	WG	ryN	2
Hans Eriksson	RG	kb	3
Borborygmos and Fblthp	URG	kdrb	2
She-Hulk, Jade Defender	G	cbU	1
Inga Rune-Eyes	U	rW	1
Zar Ojanen, Scion of Efrava	WG	cdC	2
Casey Jones, Jury-Rig Justiciar	R	aU	2
Zirilan of the Claw	R	yC	2
Immard, the Stormcleaver	WUR	kp	2
Kaho, Minamo Historian	U	W	2
Captain America, Skybound	W	ckU	2
Azog, Moria's Ruin	B	rU	2
Mister Hyde, Monster Within	G	crU	2
Ertai, the Corrupted	WUB	xnW	1
Tom, Bert, and William	BG	xrU	2
Starke of Rath	R	n	1
Sekki, Seasons' Guide	G	tcgS	3
Palladia-Mors, the Ruiner	WRG	bD	1
Wolverine, Claws Out	G	byU	2
Raphael, Most Attitude	R	kCPU	2
Circu, Dimir Lobotomist	UB	noW	2
Kraven, Proud Predator	RG	U	1
Dáin of the Ancient Halls	WR	pyU	1
Thorin, Company's Leader	R	avkyU	2
Stilt-Man, Towering Terror	R	koyU	2
Dan Lewis	R	avU	2
Teo, Spirited Glider	U	ckrU	2
Scientist Supreme of A.I.M.	UB	qU	2
Vision, Spectral Synthezoid	U	yRU	1
Captain Marvel, Shooting Star	W	lkbU	2
Klaw, Master of Sound	B	kU	3
Luke Cage, Hero for Hire	R	abU	1
Spider-Man, New Champion	R	U	1
Kotose, the Silent Spider	UB	gdo	3
Mairsil, the Pretender	UBR	W	3
Seton, Krosan Protector	G	yN	1
Zalto, Fire Giant Duke	R	bD	1
Szadek, Lord of Secrets	UB	ckmS	2
Cleon, Merry Champion	R	v	2
Munda, Ambush Leader	WR	y	3
Ertai, Wizard Adept	U	nW	1
Jenara, Asura of War	WUG	cK	1
Zuri, Warrior of Wakanda	G	cabU	1
Spider-Man, To the Rescue	WG	U	2
Nashi, Moon's Legacy	UBG	gkqy	2
Rohgahh, Kher Keep Overlord	BR	ty	2
Pako, Arcane Retriever	RG	ckoC	2
Ambassador Laquatus	U	mWP	1
Angus Mackenzie	WUG		1
Gyrus, Waker of Corpses	BRG	cgknqD	3
Radha, Coalition Warlord	RG	dN	2
Lyzolda, the Blood Witch	BR	xrp	2
Goddric, Cloaked Reveler	R	y	2
Rorix Bladewing	R	bD	1
Ray Fillet, Man Ray	U	crPU	2
Targ Nar, Demon-Fang Gnoll	RG	kb	2
Iron Man, Futurist Paragon	U	RU	2
Kang the Conqueror	U	cU	2
Chisei, Heart of Oceans	U	S	1
Bilbo, Luckwearer	U	krU	2
Jenny, Generated Anomaly	WR	vkU	1
Leonardo, Worldly Warrior	W	vCPU	1
Don & Raph, Hard Science	UR	sakCPU	1
Thor, Guardian of Midgard	R	U	2
Susan Foreman	G	U	2
Radiant, Archangel	W	K	1
Dakkon Blackblade	WUB	d	1
Óin the Brave	R	rU	2
Rubinia Soulsinger	WUG	o	2
Tocasia, Dig Site Mentor	WUG	ga	2
Iron Man, Tony Stark	R	tkRU	2
Spider-Slayer, Hatred Honed	C	tgRU	2
Urgoros, the Empty One	B	krzS	1
Super-Skrull	WUBRG	trU	3
Kodama of the South Tree	G	bS	1
Baru, Fist of Krosa	G	tbdN	2
Blind Seer	U	W	1
Ghost Council of Orzhova	WB	lxfpS	2
Orysa, Tide Choreographer	U	rWP	1
Oros, the Avenger	WBR	kbD	1
Donatello, Rad Scientist	U	CPU	1
The Neutrinos	WR	kfNU	2
Wiccan, Rising Magician	U	sfWU	2
Captain America, Unbowed	W	U	1
The Ever-Changing 'Dane	WUB	xq	1
The Spot, Living Portal	WB	gU	2
Lo and Li, Royal Advisors	UB	cmyU	2
Patron of the Kitsune	W	lkS	1
Gerrard Capashen	W	ln	2
Atogatog	WUBRG	x	1
Cho-Manno, Revolutionary	W		1
Hulk, Always Angry	R	bnU	2
The Master, Formed Anew	UB	qU	2
Helmut Zemo, Mastermind	U	cgskU	2
Casey Jones, Vigilante	R	rzU	1
Thanos, Death's Consort	B	cxU	1
White Widow, Yelena Belova	B	ckU	1
Patriot, Shield Wielder	W	U	1
April, Reporter of the Weird	U	krU	1
Odric, Blood-Cursed	WR	avbS	2
Shang-Chi, Martial Mentor	G	cU	2
Arashi, the Sky Asunder	G	S	2
Soraya the Falconer	W		1
Tokka & Rahzar, Terrible Twos	BR	CPU	2
Hyperion, Supreme Hero	W	ybU	2
Soramaro, First to Dream	U	rS	2
Diaochan, Artful Beauty	R	n	2
Verazol, the Split Current	UG	csqP	2
Kyoki, Sanity's Eclipse	B	bS	1
Tymaret, the Murder King	BR	gxS	2
Maximus, Knight Apparent	R	vxbKU	2
Bounteous Kirin	G	lS	1
Temmet, Vizier of Naktamun	WU	tg	2
Black Widow, Intel Expert	W	rU	1
Lin Sivvi, Defiant Hero	W	gy	2
Vorosh, the Hunter	UBG	ckbD	1
Silvos, Rogue Elemental	G	b	1
Noyan Dar, Roil Shaper	WU	csP	2
Jeska, Warrior Adept	R	p	1
Ayesha Tanaka, Armorer	WU	ak	3
White Widow, Free Agent	W	cgeU	2
The Meep	B	xkU	2
Lim-Dûl the Necromancer	B	xW	2
Spirit of the Night	B	bS	1
Songbird, Sonic Screamer	B	U	1
Sol'kanar the Swamp King	UBR	lS	1
W'Kabi, Shield of the Nation	G	tkbU	2
Kodama of the Center Tree	G	yS	2
Tigra, Feline Fury	G	clbCU	2
Namor, Atlantean King	WU	tskPU	2
Aboshan, Cephalid Emperor	U	nyP	1
Black Panther, Most Dangerous	W	tcU	2
Power Pack	WURG	gskbzU	3
Alhammarret, High Arbiter	U	nW	2
Yomiji, Who Bars the Way	W	S	1
Dralnu, Lich Lord	UB	gsSW	2
Adamaro, First to Desire	R	S	1
Mondo Gecko	U	krCU	2
Wonder Man, Hollywood Hero	R	cU	2
Alpharael, Dreaming Acolyte	UB	ar	2
Namor, Scourge of the Seas	U	cyPU	2
Yannik, Scavenging Sentinel	WG	c	2
Okoye, Dora Milaje Leader	W	tkU	1
Rocksteady, Crash Courser	G	ybU	2
The Unspeakable	U	gkbS	1
Dee Kay, Finder of the Lost	UB	glpS	3
Madame Vastra	UG	axCU	2
Medusa, Inhuman Queen	G	csU	1
The Fantastic Four	WURG	tcrpU	3
Livio, Oathsworn Sentinel	W	K	2
Silver Surfer, Cosmic Voyager	U	fU	2
Radiant, Serra Archangel	W	bK	2
Captain America, Liberator	W	tvkU	2
Astonishing Spider-Man	UR	krU	1
Naomi, Pillar of Order	WB	tk	2
Sauron, Dino Devotee	G	lkSDU	3
Thranduil the Strategist	UG	tdyNU	1
Hawkeye, Avenging Archer	UR	xrpU	2
Ith, High Arcanist	WU	kW	2
Donnie & April, Adorkable Duo	U	grCPU	2
Razia, Boros Archangel	WR	bK	2
The Kingpin of Crime	WB	kpU	2
Sharkey, Tyrant of the Shire	UB	U	2
Absorbing Man	UG	eqU	3
Maga, Traitor to Mortals	B	cpW	1
Abomination, Irradiated Brute	G	ckbyU	1
Sevinne, the Chronoclasm	WUR	gsqW	2
Donatello, Turtle Techie	U	rCPU	1
Speed, Young Avenger	R	sU	2
Hammerhead, Maggia Boss	B	cxU	1
Hallar, the Firefletcher	RG	cbpN	2
Isperia the Inscrutable	WU	kW	2
Rose Noble	U	ryU	2
Lord Dregg, Insect Invader	BG	txrU	2
Wiccan, Young Avenger	R	sWU	1
Nori, Teller of Tales	WR	kWU	1
Strax, Sontaran Nurse	RG	cxbzU	2
Black Widow, Double Agent	WB	kU	1
Henry Wu, InGen Geneticist	UBG	axryU	2
Queen Mother Ramonda	W	nhU	1
Bolg of the North	BR	txU	2
Nyla, Shirshu Sleuth	B	gaCU	3
Jennika, Bad Apple Big Sister	W	tCPU	1
Idris, Soul of the TARDIS	UR	aU	2
Shameless Charlatan	U	q#	1
Rayne, Academy Chancellor	U	rW	2
Prowler, Misguided Mentor	G	ckU	2
Iname, Life Aspect	G	gyS	1
Green Goblin, Back for More	B	U	2
Abomination, Terrifying Titan	RG	cbU	1
Kaysa	G	tN	1
Whiplash, Vengeful Engineer	B	vlkpU	2
Nita, Forum Conciliator	WB	cgsxo	3
Quake, Agent of S.H.I.E.L.D.	W	snU	1
Skeleton Ship	UB	S	1
Jem Lightfoote, Sky Explorer	WU	r	1
Splinter & Leo, Father & Son	W	tcCPU	2
Geth, Thane of Contracts	B	gS	2
Nael, Avizoa Aeronaut	UG	kdrN	3
Jessica Jones, Private Eye	R	U	2
Starling, Aerial Ally	W	U	1
Immortus, Master of Eternity	U	csrU	2
Karolina Dean, Runaway	WUBRG	U	1
Beorn, Reluctant Host	G	bdCU	1
Jedit Ojanen, Mercenary	WUG	tC	2
Nakia, Wakandan Operative	G	cahU	2
Masumaro, First to Live	G	S	1
Koya, Death from Above	WB	fCU	2
The Notary Hobbits	G	qyU	2
Shauku, Endbringer	B	cnS	3
Dromar, the Banisher	WUB	kbD	2
Ace, Fearless Rebel	G	cxkbU	2
Tahngarth, Talruum Hero	R		2
Gandalf, Party Guest	WUR	syWU	2
Sol'Kanar the Tainted	UBR	lrfpS	3
Ludevic, Necrogenius	UB	cgkqW	3
Shisato, Whispering Hunter	G	xkn	2
Stick, Fearless Mentor	R	U	2
The Balrog, Flame of Udûn	BR	bSU	1
The Space Family Goblinson	RG	cbz	1
Grim Reaper, Lethal Legionnaire	B	gkU	2
Bombur, Gentle Dreamer	R	nWU	1
Mageta the Lion	W	n	1
Rasputin, the Oneiromancer	WU	tW	3
Stature, Size Shifter	U	cU	1
M'Baku, Jabari Chieftain	G	kbhU	2
Hulkling, Young Avenger	R	sqU	2
Skoa, Embermage	R	xpW	2
Aang, A Lot to Learn	WG	cgxU	2
Peggy Carter, Secret Agent	W	kU	1
Moon Girl and Devil Dinosaur	UG	abrDU	2
The Terror of Serpent's Pass	U	bPU	1
Ben-Ben, Akki Hermit	R	ky	1
Citizen V, Helmut Zemo	B	clyU	1
Treva, the Renewer	WUG	lkbD	2
Triad of Fates	WB	rnfW	3
Selenia, Dark Angel	WB	K	1
Krond the Dawn-Clad	WG	nbK	1
Lord of Tresserhorn	UBR	xrhbS	1
Ronin, Shadow Stalker	B	vxU	3
Fin Fang Foom	R	csqDU	2
Chong and Lily, Nomads	R	tekyWU	2
Arnim Zola, Bio-Fanatic	B	tgRU	2
Kiyomaro, First to Stand	W	lS	2
Winter Soldier, Icy Assassin	WB	gvU	2
Spider-Woman, Secret Agent	WU	nU	2
Rayami, First of the Fallen	UBG	vbS	3
Cloak and Dagger, Entwined	WB	U	2
Ultimo, Civilization's End	B	xnbRU	2
The Ruinous Wrecking Crew	BR	cxrnpU	3
Iizuka the Ruthless	R	vxyK	1
Loki, God of Lies	R	oWU	2
Swordsman, Sharp Scoundrel	B	vyU	2
The Lord of the Eagles	U	bCU	2
Zog, Triceraton Castaway	R	bnDU	2
Spider-Man, Web-Spinner	R	vknU	2
T'Chaka, Venerable King	WG	gdhU	2
Pianna, Nomad Captain	W	k	1
Enkira, Hostile Scavenger	BG	vk	2
Kazarov, Sengir Pureblood	BR	cS	2
Bill Ferny, Bree Swindler	U	ahyU	2
Bebop, Warthog Warrior	B	yCU	2
Renet, Temporal Apprentice	U	WU	1
Elektra, Femme Fatale	R	U	1
Blue, Loyal Raptor	UG	yDU	2
Celestial Kirin	W	nS	1
Giant-Man, Gargantuan Genius	G	bU	1
Black Bolt, Inhuman King	WU	snU	2
Ori, Keeper of Songs	W	WU	1
Bortuk Bonerattle	BG	gd	2
Captain America, Steve Rogers	W	ckU	2
Vulture, Feathered Fiend	U	ckrU	2
Batroc the Leaper	R	cU	2
Kodama of the North Tree	G	bS	1
The Chief Warg	BG	kbrU	1
Rasputin Dreamweaver	WU	W	3
Iron Fist, Living Weapon	R	U	2
Agent 13, Sharon Carter	W	kU	1
Yellowjacket, Heartless Marauder	B	yU	1
Darigaaz, the Igniter	BRG	kbD	2
Jasmine Boreal	WG		1
Volrath the Fallen	B	b	1
Glacian, Powerstone Engineer	U	a	2
Colleen Wing, Street Samurai	W	cKU	1
Gandalf, Shadow's Foe	U	cdrfWU	2
Great Goblin, Foul-Hearted	BR	tkbU	1
Black Panther, Vanguard	WG	tyU	2
Tibor and Lumia	UR	W	2
Katara, Seeking Revenge	UB	grU	2
Sokka, Wolf Cove's Protector	W	U	1
The Mary Janes	R	WU	1
Zuberi, Golden Feather	W		1
Joel, Resolute Survivor	BG	tcxrU	2
Bard the Bowman	WU	crU	1
Chief of the Wilds	BG	cfyU	2
Cao Cao, Lord of Wei	B		1
Skyfire Kirin	R	oS	1
Alirios, Enraptured	U	tn	2
Iname as One	BG	gybS	3
Kumano, Master Yamabushi	R	p	1
Ghost, Spectral Saboteur	UB	U	1
Wingnut, Bat on the Belfry	R	kCU	2
Hazezon Tamar	WRG	td	2
War Machine, Legacy of Iron	WR	RU	2
Casey Jones, Asphalt Hooligan	R	vhU	1
Kuon, Ogre Ascendant	B	x	2
Stonebrow, Krosan Hero	RG	kbN	1
Ayumi, the Last Visitor	G	bS	1
Gollum, Riddle Master	B	clrpSU	3
X-23, Deadly Weapon	G	cyU	1
Mikey & Mona, Mutant Sitters	G	cgdCPU	2
Luke Cage, Power Man	W	kU	1
Isao, Enlightened Bushi	G	K	2
Kianne, Dean of Substance	UG	tcdN	3
Impossible Man	U	qU	1
Alex Wilder, Runaway	R	gU	2
Bill Potts	R	sqU	2
Gnostro, Voice of the Crags	WUR	l	3
Nick Fury, Spymaster	W	krU	2
Metalhead	UR	cxCPRU	2
Black Panther, Claws of Bast	W	ckU	1
Bullseye, Death Dealer	BR	xpU	2
Ambassador Blorpityblorpboop	UG		3
Valentina Allegra de Fontaine	B	yU	1
Radioactive Man	B	kU	1
Hulkling, Burgeoning Bruiser	G	cU	2
Black Tom Cassidy	G	lU	1
Mishra, Artificer Prodigy	UBR	a	2
Hulk, Bruce Banner	R	bU	1
Stockman, Mad Fly-entist	U	rU	2
Casey & Raph, Hotheads	R	aCPU	2
Bucky Barnes, Eager Ally	W	vyU	2
Moku, Meandering Drummer	R	sWU	2
Chorus of the Conclave	WG	cN	2
Iron Fist, Hero for Hire	R	csbU	2
Brawn, Amadeus Cho	UG	crU	1
Iwamori of the Open Fist	G	bh	1
Viper, Cruel Conspirator	B	U	2
Hixus, Prison Warden	W		2
Daghatar the Adamant	WBG	c	2
Tsabo Tavoc	BR	nbS	1
Brothers Yamazaki	R	K	2
Beast, Erudite Aerialist	UG	ckrU	2
Black Widow, Daring Operative	B	gkpU	2
Arcades Sabboth	WUG	bD	3
Chase Stein, Runaway	R	U	1
Vaevictis Asmadi	BRG	bD	3
Rona, Disciple of Gix	UB	g	2
Alexi, Zephyr Mage	U		1
Baxter Stockman	UR	taU	2
Minotaur, Roxxon CEO	B	tU	1
Killmonger, Scourge of Wakanda	BG	gxnU	2
Cloudhoof Kirin	U	mS	1
Speedball, New Warrior	UR	U	1
Mistform Ultimus	U		1
Mockingbird, Ace Agent	W	cvU	1
Justice, Vance Astrovik	U	cU	2
Dong Zhou, the Tyrant	R		1
Victor Mancha, Runaway	C	gRU	1
Bolg, Erebor's Reckoning	BR	byU	2
Smaug, the Great Calamity	R	DU	1
Adun Oakenshield	BRG	gK	1
Red Guardian, Super-Soldier	W	nU	1
Old Hob, Alleycat Blues	WR	tkCU	2
Akuta, Born of Ash	B	gxS	2
Hellcat, Undying Vigilante	G	cU	2
Chromium	WUB	bD	2
Jiwari, the Earth Aflame	R	S	2
Atalya, Samite Master	W	l	2
White Tiger, Ava Ayala	G	tcU	2
Asmira, Holy Avenger	WG	c	2
Bard, Heir of Girion	WU	tkrU	2
Reveka, Wizard Savant	U	npW	1
The Lady of Otaria	RG	y	3
Foggy Nelson, On Retainer	W	cU	1
Major Teroh	W	C	1
Greel, Mind Raker	B	zS	1
Flatman	G	U	1
Bob, Reluctant HYDRA Agent	B	lkpU	1
Mannichi, the Fevered Dream	R	S	1
She-Hulk, Jennifer Walters	R	cxbrU	1
Goliath, Mass Manipulator	G	cbrU	1
Rhino, Terrible Trampler	G	cbnU	2
Photon, Lady of Light	W	kfU	2
Graviton, Fundamental Force	U	rnU	2
Baron Sengir	B	xS	2
Agent Maria Hill	W	crU	1
Balthor the Stout	R		1
Lady Spider, Maybelle Reilly	R	cyU	1
Nebuchadnezzar	UB	zW	2
Hercules, Prince of Power	G	cU	1
Gwendlyn Di Corci	UBR	z	1
Maraxus of Keld	R	d	1
Lu Bu, Master-at-Arms	R		1
Madame Hydra, Reanimated	B	gkSU	2
Big Bertha	G	cU	2
Guan Yu, Sainted Warrior	W		1
Oriss, Samite Guardian	W	n	2
Thriss, Nantuko Primus	G	N	1
Moon-Boy, Dino Rider	G	kyU	2
Yuan Shao, the Indecisive	R		1
Zhang Fei, Fierce Warrior	W		1
Dragon Man, Reformed Robot	WU	gDRU	2
Sun Ce, Young Conquerer	U	n	1
Boomerang, Blade Flinger	B	lkpU	1
Tiger Shark, Abyssal Hunter	UB	kPU	1
Johan	WRG	nW	2
Amazing Spider-Girl	W	U	1
Colossus, Steel Stalwart	G	yU	1
She-Hulk, Attorney-at-Law	WG	cU	1
Palladia-Mors	WRG	bD	1
Ihsan's Shade	B	SK	1
Zahid, Djinn of the Lamp	U	a	1
Jedit Ojanen	WU	C	1
Tobias, Doomed Conqueror	WU	t	1
Faceless One	C	#	1
Zarda, the Power Princess	W	U	1
Bilbo, Unexpected Adventurer	W	gkU	2
Mister Immortal	G	gU	1
Hawkeye, Bowslinger	W	cU	1
Ayesha Tanaka	WU	n	1
Joven	R	an	1
Liu Bei, Lord of Shu	W		2
Klaw, Sonic Subjugator	B	gU	2
Zhao, the Seething Flame	R	U	1
Lady Zhurong, Warrior Queen	G		1
Blue Marvel, Adam Brashear	U	crU	2
Reptil, Dinomorpher	G	bU	2
Namora, the Sea Queen	U	tcPU	1
Falcon, Winged Wonder	U	tgU	2
Gert and Old Lace, Runaways	RG	bdDU	2
Rohgahh of Kher Keep	BR	h	2
Lu Meng, Wu General	U		1
Bilbo Baggins, Burglar	U	rU	1
Gabriel Angelfire	WG	bK	1
Orim, Samite Healer	W		1
Molly Hayes, Runaway	R	cU	2
General Traag, Heart of Stone	R	xbRU	1
Zhao Zilong, Tiger General	W		1
Commander Greven il-Vec	B	xb	1
Shimatsu the Bloodcloaked	R	cxS	1
Patron of the Akki	R	tkS	1
General Jarkeld	W	k	3
Pharaoh Rama-Tut	U	sU	1
Tivadar of Thorn	W	nK	1
Falcon, Joaquin Torres	W	ckCU	1
Sidar Jabari	W	knK	1
Hakim, Loreweaver	U	gevnW	2
Crovax the Cursed	B	cxS	2
Chandler	R	n	1
Gollum the Abandoned	B	gxnpoSU	2
U.S.Agent, John Walker	WB	vU	2
Zhang He, Wei General	B	k	1
Pipsqueak, Rebel Strongarm	W	cnU	1
Cabal Patriarch	B	gxW	2
Stangg	RG	t	2
Iceman and Firestar	UR	rU	2
Machine Man, Model X-51	C	csRU	1
Darwin, Adaptive Mutant	G	cU	1
Storm, Shaker of Skies	G	U	1
Jack of Hearts, Volatile Hero	R	crU	2
Ant-Man, Reformed Rogue	UG	kbrU	2
Cao Ren, Wei Commander	B		1
Gandalf, Spark Starter	R	WU	1
The Falcon, Sam Wilson	W	cU	1
Galion, Elvenking's Butler	G	kNU	2
General Thunderbolt Ross	W	kU	1
Hisoka, Minamo Sensei	U	nW	1
Fixer, Techno Terror	B	rU	1
Anthousa, Setessan Hero	G	d	2
MACH-1, Swooping Scoundrel	B	glRU	1
The Immortal Weapons	R	gsU	2
Lady Sun	U		1
Ma Chao, Western Warrior	R	k	1
Doctor Jane Foster	W	gU	2
Gallowbraid	B	bS	1
Zhuge Jin, Wu Strategist	U		1
Marvel Boy, Noh-Varr	WR	cU	1
Rashida Scalebane	W	ln	1
Linessa, Zephyr Mage	U	nW	2
Rick Jones, Destined Sidekick	G	geU	1
Morinfen	B	S	1
Doctor Spectrum	W	tcnyU	3
Ramses Overdark	UB	vn	1
Tetsuo Umezawa	UBR	en	1
Latulla, Keldon Overseer	R	p	1
Sir Shandlar of Eberyn	WG	K	1
Shuri, Vibranium Technologist	WU	trU	3
Gandalf, Wandering Wizard	U	rWU	1
Jerrard of the Closed Fist	RG	bK	1
Victor Timely, Wily Tycoon	U	gU	2
Wasp, Shrinking Savior	U	krU	2
Irini Sengir	B	enS	1
Torsten Von Ursus	WG		1
Ragnar	WUG		1
Niambi, Faithful Healer	WU		2
Ms. Marvel, Elastic Ally	WG	krU	2
Garza Zol, Plague Queen	UBR	cxkrS	2
Hikari, Twilight Guardian	W	fS	2
Lu Su, Wu Advisor	U	r	1
Wolfsbane, Highland Hero	G	bSU	1
Jacques le Vert	WRG	t	1
Lady Evangela	WUB		1
The Prismatic Piper	C		1
Halfdane	WUB		2
Tusk and Whiskers	WG	cC	2
Titania, Rugged Rumbler	BG	U	1
Winter Soldier, Bucky Barnes	W	U	1
Sima Yi, Wei Field Marshal	B		1
Tor Wauki	BR		1
Purraj of Urborg	B	cC	2
Gollum, Silent Slinker	B	clSU	1
Ramirez DePietro	UB	P	1
Spider-Man, Hometown Hero	R	U	1
Lady Orca	BR	bS	1
Sivitri Scarzam	UB	b	1
Eron the Relentless	R		1
The Wasp, Janet Van Dyne	W	U	1
Lady Caleria	WG	N	1
Tobias Andrion	WU		1
War Machine, James Rhodes	WU	kRU	1
The Lady of the Mountain	RG	D	1
Sunastian Falconer	RG		1
Whirlwind, Killer Cyclone	R	knU	2
Donald Blake, Guise of Thor	W	cU	1
Scarlet Witch, Wanda Maximoff	R	WU	1
Doorman	G	U	1
Marhault Elsdragon	RG	N	1
Kasimir the Lone Wolf	WU		1
Telim'Tor	R	kK	1
Happy Hogan, Dauntless Driver	R	U	1
Grandmother Sengir	B	W	1
Meng Huo, Barbarian King	G	t	1
Huang Zhong, Shu General	W		1
Boris Devilboon	BR	tSW	1
Axelrod Gunnarson	BR	lxbD	2
Nighthawk, Dark Defender	W	yU	1
Riven Turnbull	UB		1
Zhou Yu, Chief Commander	U	nb	1
Happy Hogan, Bodyguard	U	U	2
Autumn Willow	G		2
Mockingbird, Bobbi Morse	W	cU	1
Hivis of the Scale	R	oC	2
Quicksilver, Pietro Maximoff	R	U	1
Princess Lucrezia	UB	W	1
Zuo Ci, the Mocking Sage	G		1
Titanium Man	B	kpRU	2
Ant-Man, Scott Lang	W	cU	1
Livonya Silone	RG		1
Living Lightning, Charged Up	R	U	2
Kei Takahashi	WG		1
Pang Tong, "Young Phoenix"	W		1
Ishi-Ishi, Akki Crackshot	R		1
Zhang Liao, Hero of Hefei	B		1
Xun Yu, Wei Advisor	B		1
Hazduhr the Abbot	W		1
Tarox Bladewing	R	D	1
Black Widow, Natasha Romanoff	R	U	1
The Howling Commandos	W	tyU	1
The Whizzer, Classic Speedster	R	U	1
The Fabulous Frog-Man	G	U	1
Roxi, Publicist to the Stars	UR	g	2
Rashka the Slayer	W		1
Atlas, Sizable Stooge	BG	lkbU	1
Bartel Runeaxe	BRG	ebD	1
Hunding Gjornersen	WU		1
Patriot, Young Avenger	WR	tsvU	1
Veldrane of Sengir	B		1
Lord Magnus	WG	N	2
Hawkeye, Clint Barton	W	U	1
Tuknir Deathlock	RG	W	1
Count Nefaria	B	bU	1
Stature, Young Avenger	RG	sU	1
Gosta Dirk	WU		1
Daughter of Autumn	WG		1
Ur-Drago	UB		1
White Tiger, Amulet Keeper	G	gdrU	1
Pavel Maliki	BR		1
Brisela, Voice of Nightmares	W	nbDK	1
Hanweir, the Writhing Township	R	tkbD	1
Mishra, Lost to Phyrexia	BR	akbnpR	3
Ragnarok, Divine Deliverance	BG	gbnU	2
Titania, Gaea Incarnate	G	cgbd	3